,String,A,C,D,E,F,G,H,I,K,L,M,N,P,Q,R,S,T,V,W,Y
0,MGTLRSFDQFANAVLEGACERVIVGDLYCDIPLG,3.0,2.0,3.0,2.0,2.0,4.0,0.0,2.0,0.0,4.0,1.0,1.0,1.0,1.0,2.0,1.0,1.0,3.0,0.0,1.0
1,MQMSFRSIVRDVRDGFGSLSRRSFDVRLSGGGKS,0.0,0.0,3.0,0.0,3.0,5.0,0.0,1.0,1.0,2.0,2.0,0.0,0.0,1.0,6.0,7.0,0.0,3.0,0.0,0.0
2,MSFRSIVRDVRDGFGSLSRRSFDVRLSGGGKSNS,0.0,0.0,3.0,0.0,3.0,5.0,0.0,1.0,1.0,2.0,1.0,1.0,0.0,0.0,6.0,8.0,0.0,3.0,0.0,0.0
3,MVKRQRTAFPPNFVHSLDGSHMMMTAVACKKAGL,4.0,1.0,1.0,0.0,2.0,2.0,2.0,0.0,3.0,2.0,4.0,1.0,2.0,1.0,2.0,2.0,2.0,3.0,0.0,0.0
4,MKSRSGSAHKMLLEFIAGILTTMVGALLYCLFRR,3.0,1.0,0.0,1.0,2.0,3.0,1.0,2.0,2.0,6.0,3.0,0.0,0.0,0.0,3.0,3.0,2.0,1.0,0.0,1.0
5,METSEWHIERRSSFGSESPLAREAGNVPETGSLS,2.0,0.0,0.0,6.0,1.0,3.0,1.0,1.0,0.0,2.0,1.0,1.0,2.0,0.0,3.0,7.0,2.0,1.0,1.0,0.0
6,MSSSFNMSSSSSLVFLDLSSNLLISSTIFYWLFN,0.0,0.0,1.0,0.0,4.0,0.0,0.0,2.0,0.0,6.0,2.0,3.0,0.0,0.0,0.0,12.0,1.0,1.0,1.0,1.0
7,MEKMNKAFEKVKIMVGMDAEDEDQQAAALNSSNS,5.0,0.0,3.0,4.0,1.0,1.0,0.0,1.0,4.0,1.0,4.0,3.0,0.0,2.0,0.0,3.0,0.0,2.0,0.0,0.0
8,MYYSSKQRIITWLILIMIVLYILYSSNFLLLTKV,0.0,0.0,0.0,0.0,1.0,0.0,0.0,6.0,2.0,7.0,2.0,1.0,0.0,1.0,1.0,4.0,2.0,2.0,1.0,4.0
9,MNSSIYILVFVQLWLLSLPCRESVCIPSERETLL,0.0,2.0,0.0,3.0,1.0,0.0,0.0,3.0,0.0,7.0,1.0,1.0,2.0,1.0,2.0,5.0,1.0,3.0,1.0,1.0
10,MERLFWMVYFFKASMFANATCAMEDATVHSSYQI,5.0,1.0,1.0,2.0,4.0,0.0,1.0,1.0,1.0,1.0,4.0,1.0,0.0,1.0,1.0,3.0,2.0,2.0,1.0,2.0
11,MQEMKEKELKYLGNGNANSHVCKVCFESPTTAIM,2.0,2.0,0.0,4.0,1.0,2.0,1.0,1.0,4.0,2.0,3.0,3.0,1.0,1.0,0.0,2.0,2.0,2.0,0.0,1.0
12,MSSVPARTGRQRQRYEDNLRLVSGCIPYRWTKDN,1.0,1.0,2.0,1.0,0.0,2.0,0.0,1.0,1.0,2.0,1.0,2.0,2.0,2.0,6.0,3.0,2.0,2.0,1.0,2.0
13,MEVLPCSGVQYAGGSDCSQSSSGTMFVNQGESGG,1.0,2.0,1.0,2.0,1.0,7.0,0.0,0.0,0.0,1.0,2.0,1.0,1.0,3.0,0.0,7.0,1.0,3.0,0.0,1.0
14,MEKLASSSTATVVPTQHFLFQFHQHSLFFFPKTA,3.0,0.0,0.0,1.0,6.0,0.0,3.0,0.0,2.0,3.0,1.0,0.0,2.0,3.0,0.0,4.0,4.0,2.0,0.0,0.0
15,MVKYSREPDNPTKSCKARGADLRVHFKNTRETAF,3.0,1.0,2.0,2.0,2.0,1.0,1.0,0.0,4.0,1.0,1.0,2.0,2.0,0.0,4.0,2.0,3.0,2.0,0.0,1.0
16,MQIFRTSVTTTIVMKLMITRELDTTTLNPIRVMQ,0.0,0.0,1.0,1.0,1.0,0.0,0.0,4.0,1.0,3.0,4.0,1.0,1.0,2.0,3.0,1.0,8.0,3.0,0.0,0.0
17,MSFDHTKLFTSHTIHTVNYHETNQQKTKELDLRA,1.0,0.0,2.0,2.0,2.0,0.0,4.0,1.0,3.0,3.0,1.0,2.0,0.0,2.0,1.0,2.0,6.0,1.0,0.0,1.0
18,MRLRLFVSCPRVHSWELWLGRWIHAYMRKCGVEV,1.0,2.0,0.0,2.0,1.0,2.0,2.0,1.0,1.0,4.0,2.0,0.0,1.0,0.0,5.0,2.0,0.0,4.0,3.0,1.0
19,MSPSRFRYCAQIPVKCPVSEIIKSRRVQGRECYE,1.0,3.0,0.0,3.0,1.0,1.0,0.0,3.0,2.0,0.0,1.0,0.0,3.0,2.0,5.0,4.0,0.0,3.0,0.0,2.0
20,MPSFSSLRTFRVSVFSHFLLSYPPIATATLHYQS,2.0,0.0,0.0,0.0,4.0,0.0,2.0,1.0,0.0,4.0,1.0,0.0,3.0,1.0,2.0,7.0,3.0,2.0,0.0,2.0
21,MSQQRQTQMVGGNNPDQYNDTTFTKIFVGGLAWE,1.0,0.0,2.0,1.0,2.0,4.0,0.0,1.0,1.0,1.0,2.0,3.0,1.0,5.0,1.0,1.0,4.0,2.0,1.0,1.0
22,MGLHARRYDSATGTVPPLSPTIFIPPPQLLHHHD,2.0,0.0,2.0,0.0,1.0,2.0,4.0,2.0,0.0,4.0,1.0,0.0,6.0,1.0,2.0,2.0,3.0,1.0,0.0,1.0
23,MLRSSLSRRIMVSAPASPVTERSPRSQAVPRRTV,3.0,0.0,0.0,1.0,0.0,0.0,0.0,1.0,0.0,2.0,2.0,0.0,4.0,1.0,7.0,7.0,2.0,4.0,0.0,0.0
24,MAAKTRSLASIYDVFLSFRGLDTRHGFTGNLYKA,4.0,0.0,2.0,0.0,3.0,3.0,1.0,1.0,2.0,4.0,1.0,1.0,0.0,0.0,3.0,3.0,3.0,1.0,0.0,2.0
25,MKLLDVGSDDLVHIIGIHGMGGLGKTTLALEVYN,1.0,0.0,3.0,1.0,0.0,6.0,2.0,3.0,2.0,6.0,2.0,1.0,0.0,0.0,0.0,1.0,2.0,3.0,0.0,1.0
26,MAGRGSLAGLLPFSDANAVVLDMANEVLPVVKKV,5.0,0.0,2.0,1.0,1.0,3.0,0.0,0.0,2.0,5.0,2.0,2.0,2.0,0.0,1.0,2.0,0.0,6.0,0.0,0.0
27,MEMQDQIESTRSTIFGSASNIHSNGEKQSENVAH,2.0,0.0,1.0,4.0,1.0,2.0,2.0,3.0,1.0,0.0,2.0,3.0,0.0,3.0,1.0,6.0,2.0,1.0,0.0,0.0
28,MTDKNKSSPTRSTVVSPTSPQSSCGSNDINQDGN,0.0,1.0,3.0,0.0,0.0,2.0,0.0,1.0,2.0,0.0,1.0,4.0,3.0,2.0,1.0,8.0,4.0,2.0,0.0,0.0
29,MYNTIINSLCKNKLLGDACDVYSEMIVKGISPDV,1.0,2.0,3.0,1.0,0.0,2.0,0.0,4.0,3.0,3.0,2.0,3.0,1.0,0.0,0.0,3.0,1.0,3.0,0.0,2.0
30,MDGNGTLFGTLTGNTREVLHKFTVDLPKKHGRGG,0.0,0.0,2.0,1.0,2.0,7.0,2.0,0.0,3.0,4.0,1.0,2.0,1.0,0.0,2.0,0.0,5.0,2.0,0.0,0.0
31,MAAAAAVTVLLPPRIPTATNVTRCSALPSLPPRG,7.0,1.0,0.0,0.0,0.0,1.0,0.0,1.0,0.0,4.0,1.0,1.0,6.0,0.0,3.0,2.0,4.0,3.0,0.0,0.0
32,MRTAALPTFKKLYGKIETGNIEVNDEVMLVIENN,2.0,0.0,1.0,4.0,1.0,2.0,0.0,3.0,3.0,3.0,2.0,4.0,1.0,0.0,1.0,0.0,3.0,3.0,0.0,1.0
33,MSCYSLKLFYALLLLLLHAAGSILGFNSLPNSAE,4.0,1.0,0.0,1.0,2.0,2.0,1.0,1.0,1.0,10.0,1.0,2.0,1.0,0.0,0.0,5.0,0.0,0.0,0.0,2.0
34,MMEDFWSMFCGDRDCPGTRGKTFCHDLKFLKDPS,0.0,3.0,5.0,1.0,4.0,3.0,1.0,0.0,3.0,2.0,3.0,0.0,2.0,0.0,2.0,2.0,2.0,0.0,1.0,0.0
35,MVLSWLKWFLSRMSFWWLNPLMKRGQEKTLQDED,0.0,0.0,2.0,2.0,2.0,1.0,0.0,0.0,3.0,6.0,3.0,1.0,1.0,2.0,2.0,3.0,1.0,1.0,4.0,0.0
36,MPENCIAPKPEHNNNNTTHPEEGPPEMTETVLPI,1.0,1.0,0.0,6.0,0.0,1.0,2.0,2.0,1.0,1.0,2.0,5.0,7.0,0.0,0.0,0.0,4.0,1.0,0.0,0.0
37,MAAPPPPPPSTPSFLSPTQRYAAGALFGLALHEA,7.0,0.0,0.0,1.0,2.0,2.0,1.0,0.0,0.0,4.0,1.0,0.0,8.0,1.0,1.0,3.0,2.0,0.0,0.0,1.0
38,MQAMGMMGSPNLTSQLRANGAMVYAQQLRMSQGQ,4.0,0.0,0.0,0.0,0.0,4.0,0.0,0.0,0.0,3.0,6.0,2.0,1.0,6.0,2.0,3.0,1.0,1.0,0.0,1.0
39,MGVIDFYNTGALCWVKSNANLKQQVGLAPRPICS,3.0,2.0,1.0,0.0,1.0,3.0,0.0,2.0,2.0,3.0,1.0,3.0,2.0,2.0,1.0,2.0,1.0,3.0,1.0,1.0
40,MLNFLWRMELIPLHCSMGFNYIQDQKFRFLTVHA,1.0,1.0,1.0,1.0,4.0,1.0,2.0,2.0,1.0,5.0,3.0,2.0,1.0,2.0,2.0,1.0,1.0,1.0,1.0,1.0
41,MSMAMVHPSVHPIEAPPMTEHAIAIAMPRHTLKD,5.0,0.0,1.0,2.0,0.0,0.0,4.0,3.0,1.0,1.0,5.0,0.0,5.0,0.0,1.0,2.0,2.0,2.0,0.0,0.0
42,MGVEQDKGVSVKDYLVDKLRPGDEDRALSEVISE,1.0,0.0,5.0,4.0,0.0,3.0,0.0,1.0,3.0,3.0,1.0,0.0,1.0,1.0,2.0,3.0,0.0,5.0,0.0,1.0
43,MELFTPPCLKLLFHSLVILFLLFNHANTQSQSQL,1.0,1.0,0.0,1.0,4.0,0.0,2.0,1.0,1.0,9.0,1.0,2.0,2.0,3.0,0.0,3.0,2.0,1.0,0.0,0.0
44,MELDLRSFLHSPTSSDDAPHRTIDDILNDCDTSS,1.0,1.0,7.0,1.0,1.0,0.0,2.0,2.0,0.0,4.0,1.0,1.0,2.0,0.0,2.0,6.0,3.0,0.0,0.0,0.0
45,MSASTHDQFAATLIFLFFSHFLRGSNSATFSIVN,4.0,0.0,1.0,0.0,6.0,1.0,2.0,2.0,0.0,3.0,1.0,2.0,0.0,1.0,1.0,6.0,3.0,1.0,0.0,0.0
46,MLDGILGRGFTAKCKSLIKLTNRRIDVIRRKRRA,2.0,1.0,2.0,0.0,1.0,3.0,0.0,4.0,4.0,4.0,1.0,1.0,0.0,0.0,7.0,1.0,2.0,1.0,0.0,0.0
47,MTLFVASLSSFSLLCALKLLRCCYHDPLLLLFPL,2.0,3.0,1.0,0.0,3.0,0.0,1.0,0.0,1.0,12.0,1.0,0.0,2.0,0.0,1.0,4.0,1.0,1.0,0.0,1.0
48,MFGRAYAAIKQTEMAENAIHVVMLPWSAFGHLIP,6.0,0.0,0.0,2.0,2.0,2.0,2.0,3.0,1.0,2.0,3.0,1.0,2.0,1.0,1.0,1.0,1.0,2.0,1.0,1.0
49,MPFLSLTMMSNIAFRLTLVFLLFSAVLSTPPEDP,2.0,0.0,1.0,1.0,4.0,0.0,0.0,1.0,0.0,7.0,3.0,1.0,4.0,0.0,1.0,4.0,3.0,2.0,0.0,0.0
50,MAQNGSGDRVVVDNGFESIDDAYDHEHKLSQKGS,2.0,0.0,5.0,2.0,1.0,4.0,2.0,1.0,2.0,1.0,1.0,2.0,0.0,2.0,1.0,4.0,0.0,3.0,0.0,1.0
51,MSEEIAKQSSDPSHFKDPKLGWIIGFLFVVSFLG,1.0,0.0,2.0,2.0,4.0,3.0,1.0,3.0,3.0,3.0,1.0,0.0,2.0,1.0,0.0,5.0,0.0,2.0,1.0,0.0
52,MSSTQSKPSSVNARGMALPSEPHRRRRHNHNHIS,2.0,0.0,0.0,1.0,0.0,1.0,4.0,1.0,1.0,1.0,2.0,3.0,3.0,1.0,5.0,7.0,1.0,1.0,0.0,0.0
53,MAYRYHLVDFSQPYVESGLDMVVREQSTKSKETW,1.0,0.0,2.0,3.0,1.0,1.0,1.0,0.0,2.0,2.0,2.0,0.0,1.0,2.0,2.0,4.0,2.0,4.0,1.0,3.0
54,MEVLNPIEGKTYKLPVGYRFDPSDEILAGYYLRK,1.0,0.0,2.0,3.0,1.0,3.0,0.0,2.0,3.0,4.0,1.0,1.0,3.0,0.0,2.0,1.0,1.0,2.0,0.0,4.0
55,MRESELRESERGEREWITVRNRRRGRVRVEQPTD,0.0,0.0,1.0,7.0,0.0,2.0,0.0,1.0,0.0,1.0,1.0,1.0,1.0,1.0,10.0,2.0,2.0,3.0,1.0,0.0
56,MAASTMALSSSSLAGQAIKLAPSTPELGVGRVSM,6.0,0.0,0.0,1.0,0.0,3.0,0.0,1.0,1.0,4.0,3.0,0.0,2.0,1.0,1.0,7.0,2.0,2.0,0.0,0.0
57,MARYDRAITVFSPDGHLFQVEYALEAVRKGNAAV,6.0,0.0,2.0,2.0,2.0,2.0,1.0,1.0,1.0,2.0,1.0,1.0,1.0,1.0,3.0,1.0,1.0,4.0,0.0,2.0
58,MSFLNILLNQSFHPNFAPFFSCHIGIMGVHKSRF,1.0,1.0,0.0,0.0,6.0,2.0,3.0,3.0,1.0,3.0,2.0,3.0,2.0,1.0,1.0,4.0,0.0,1.0,0.0,0.0
59,MVLQTSSLGFIVRRHPPELVAPANPTPHEVKLLS,2.0,0.0,0.0,2.0,1.0,1.0,2.0,1.0,1.0,5.0,1.0,1.0,5.0,1.0,2.0,3.0,2.0,4.0,0.0,0.0
60,MAVGLSAAITMKSLLRFHQPHLNLPKSIPTTLPF,3.0,0.0,0.0,0.0,2.0,1.0,2.0,2.0,2.0,6.0,2.0,1.0,4.0,1.0,1.0,3.0,3.0,1.0,0.0,0.0
61,MSRLMEPLVVGRVIGEVVDIFSPSVKMNVTYSTK,0.0,0.0,1.0,2.0,1.0,2.0,0.0,2.0,2.0,2.0,3.0,1.0,2.0,0.0,2.0,4.0,2.0,7.0,0.0,1.0
62,MLPLQFGTHPPPSLFLSSSNSNACCSSSRLLYHH,1.0,2.0,0.0,0.0,2.0,1.0,3.0,0.0,0.0,6.0,1.0,2.0,4.0,1.0,1.0,8.0,1.0,0.0,0.0,1.0
63,MNDLEIVFNRGRVPIATWNKTLLASNLQSSSESC,2.0,1.0,1.0,2.0,1.0,1.0,0.0,2.0,1.0,4.0,1.0,4.0,1.0,1.0,2.0,5.0,2.0,2.0,1.0,0.0
64,MESVLSHVGAGFFNGMIPRGVLGTHFKASSFVGV,2.0,0.0,0.0,1.0,4.0,6.0,2.0,1.0,1.0,2.0,2.0,1.0,1.0,0.0,1.0,4.0,1.0,5.0,0.0,0.0
65,MTDTIYWITFTIRRTHTGFSNAISPSAIECDPQS,2.0,1.0,2.0,1.0,2.0,1.0,1.0,5.0,0.0,0.0,1.0,1.0,2.0,1.0,2.0,4.0,6.0,0.0,1.0,1.0
66,MEIACDANQLDADVLLPPRKRLLAGLKKQGSDSD,4.0,1.0,5.0,1.0,0.0,2.0,0.0,1.0,3.0,6.0,1.0,1.0,2.0,2.0,2.0,2.0,0.0,1.0,0.0,0.0
67,MFVVGDCSGFTNLIATTIIRHITPEEKVSLIDLI,1.0,1.0,2.0,2.0,2.0,2.0,1.0,6.0,1.0,3.0,1.0,1.0,1.0,0.0,1.0,2.0,4.0,3.0,0.0,0.0
68,MKGRVRWDEANIGEIEANKPVRQKITEPKTPYHP,2.0,0.0,1.0,4.0,0.0,2.0,1.0,3.0,4.0,0.0,1.0,2.0,4.0,1.0,3.0,0.0,2.0,2.0,1.0,1.0
69,MECSQFSVFLLLSIFVGICLASTEEQERDRIAKL,2.0,2.0,1.0,4.0,3.0,1.0,0.0,3.0,1.0,5.0,1.0,0.0,0.0,2.0,2.0,4.0,1.0,2.0,0.0,0.0
70,MENIRELCLSHSSITELPFSFQNHAGLQGLDLSF,1.0,1.0,1.0,3.0,3.0,2.0,2.0,2.0,0.0,6.0,1.0,2.0,1.0,2.0,1.0,5.0,1.0,0.0,0.0,0.0
71,MEAYRKSHRGSSMRGKSLPFYRNAPKLASSTTVQ,3.0,0.0,0.0,1.0,1.0,2.0,1.0,0.0,3.0,2.0,2.0,1.0,2.0,1.0,4.0,6.0,2.0,1.0,0.0,2.0
72,MDSNACLPHLLVLAITLVLVSHAMEDSAQDKQRC,4.0,2.0,3.0,1.0,0.0,0.0,2.0,1.0,1.0,6.0,2.0,1.0,1.0,2.0,1.0,3.0,1.0,3.0,0.0,0.0
73,MASSRPANVGILAMDIYFPPTCVTQDALEGHDGV,4.0,1.0,3.0,1.0,1.0,3.0,1.0,2.0,0.0,2.0,2.0,1.0,3.0,1.0,1.0,2.0,2.0,3.0,0.0,1.0
74,MIEGGRIRLKTWQQAAVAVGSAVGALLDPRRADL,6.0,0.0,2.0,1.0,0.0,4.0,0.0,2.0,1.0,4.0,1.0,0.0,1.0,2.0,4.0,1.0,1.0,3.0,1.0,0.0
75,MEFASFHLQQHQLQEESAQFSIISTTPPPDSKPS,2.0,0.0,1.0,3.0,3.0,0.0,2.0,2.0,1.0,2.0,1.0,0.0,4.0,5.0,0.0,6.0,2.0,0.0,0.0,0.0
76,MTDSLRISTRQAFGFNNGKSLITQHPVGDNNSLF,1.0,0.0,2.0,0.0,3.0,3.0,1.0,2.0,1.0,3.0,1.0,4.0,1.0,2.0,2.0,4.0,3.0,1.0,0.0,0.0
77,MIMEPNPTSDHSLDWFEGSVSYFPPLLDYPYDSG,0.0,0.0,4.0,2.0,2.0,2.0,1.0,1.0,0.0,3.0,2.0,1.0,5.0,0.0,0.0,5.0,1.0,1.0,1.0,3.0
78,MEQPPSSSLQVETAQQPGPSPLRKMFAVSSIAAG,4.0,0.0,0.0,2.0,1.0,2.0,0.0,1.0,1.0,2.0,2.0,0.0,5.0,4.0,1.0,6.0,1.0,2.0,0.0,0.0
79,MRIRKNAKLSPLLFSSSLSSSSSSSCVQGGSVPL,1.0,1.0,0.0,0.0,1.0,2.0,0.0,1.0,2.0,5.0,1.0,1.0,2.0,1.0,2.0,12.0,0.0,2.0,0.0,0.0
80,MGEDSREFGKSTKINHKMEEVQREEEIDPESNPL,0.0,0.0,2.0,8.0,1.0,2.0,1.0,2.0,3.0,1.0,2.0,2.0,2.0,1.0,2.0,3.0,1.0,1.0,0.0,0.0
81,MGCVVSAPKDSGGNRRRPGSIGELSVYVPGLRIP,1.0,1.0,1.0,1.0,0.0,6.0,0.0,2.0,1.0,2.0,1.0,1.0,4.0,0.0,4.0,4.0,0.0,4.0,0.0,1.0
82,MKYQENNWVAELYKKRNMWSPAHNHGNFFAAISK,4.0,0.0,0.0,2.0,2.0,1.0,2.0,1.0,4.0,1.0,2.0,5.0,1.0,1.0,1.0,2.0,0.0,1.0,2.0,2.0
83,MSQTNTKVPFLRMKLLWKSHVRVQVIRLVCALLL,1.0,1.0,0.0,0.0,1.0,0.0,1.0,1.0,3.0,7.0,2.0,1.0,1.0,2.0,3.0,2.0,2.0,5.0,1.0,0.0
84,MINGNGTQTEYWGESSGSTSHSSQQDVEDDRMIA,1.0,0.0,3.0,3.0,0.0,4.0,1.0,2.0,0.0,0.0,2.0,2.0,0.0,3.0,1.0,6.0,3.0,1.0,1.0,1.0
85,MTPLRVAGGLTQSSSNSGIFYQGDGQSQNVVNSH,1.0,0.0,1.0,0.0,1.0,5.0,1.0,1.0,0.0,2.0,1.0,3.0,1.0,4.0,1.0,6.0,2.0,3.0,0.0,1.0
86,MAANSLLRSSLLAPSSSDLSKVFTNASGCNLKSK,4.0,1.0,1.0,0.0,1.0,1.0,0.0,0.0,3.0,6.0,1.0,3.0,1.0,0.0,1.0,9.0,1.0,1.0,0.0,0.0
87,MASERILKPSKWFSNKTLRISLHRRRSRSSSNNS,1.0,0.0,0.0,1.0,1.0,0.0,1.0,2.0,3.0,3.0,1.0,3.0,1.0,0.0,6.0,9.0,1.0,0.0,1.0,0.0
88,MTDSDANHNDPSLDTDAEAPNDVEDDVKLRSRDQ,3.0,0.0,9.0,2.0,0.0,0.0,1.0,0.0,1.0,2.0,1.0,3.0,2.0,1.0,2.0,3.0,2.0,2.0,0.0,0.0
89,MAKRNCVVILSSEDEEEDGFIVRSLSSSHSYNTK,1.0,1.0,2.0,4.0,1.0,1.0,1.0,2.0,2.0,2.0,1.0,2.0,0.0,0.0,2.0,7.0,1.0,3.0,0.0,1.0
90,MGKRLQNATSSGGEIPPEKRIRRSKTICSCNSPR,1.0,2.0,0.0,2.0,0.0,3.0,0.0,3.0,3.0,1.0,1.0,2.0,3.0,1.0,5.0,5.0,2.0,0.0,0.0,0.0
91,MLGLFMEIDPKLWSDPTHFNPERFENESEVNKLL,0.0,0.0,2.0,5.0,3.0,1.0,1.0,1.0,2.0,5.0,2.0,3.0,3.0,0.0,1.0,2.0,1.0,1.0,1.0,0.0
92,MSLSLFFLLILIFSSSTSSSTTIILQGNTTLKSP,0.0,0.0,0.0,0.0,3.0,1.0,0.0,4.0,1.0,7.0,1.0,1.0,1.0,1.0,0.0,9.0,5.0,0.0,0.0,0.0
93,MTSENVDWKLRVGLEFENIERSLESFATGYLGEG,1.0,0.0,1.0,6.0,2.0,4.0,0.0,1.0,1.0,4.0,1.0,2.0,0.0,0.0,2.0,3.0,2.0,2.0,1.0,1.0
94,MDRQENLLAFSMPSQLLSIDEELWRMAEERAQEI,3.0,0.0,2.0,6.0,1.0,0.0,0.0,2.0,0.0,5.0,3.0,1.0,1.0,3.0,3.0,3.0,0.0,0.0,1.0,0.0
95,MVLDPARLVLVLLISTCILAINGDTDPNDVTSLK,2.0,1.0,4.0,0.0,0.0,1.0,0.0,3.0,1.0,7.0,1.0,2.0,2.0,0.0,1.0,2.0,3.0,4.0,0.0,0.0
96,MNSPSQLNWNGDDPCGQSWQGITCSGNRVTEIKL,0.0,2.0,2.0,1.0,0.0,4.0,0.0,2.0,1.0,2.0,1.0,4.0,2.0,3.0,1.0,4.0,2.0,1.0,2.0,0.0
97,MPHLSSMCSELIGFSRSLKSCFLATQGHNLIFYS,1.0,2.0,0.0,1.0,3.0,2.0,2.0,2.0,1.0,5.0,2.0,1.0,1.0,1.0,1.0,7.0,1.0,0.0,0.0,1.0
98,MLVLKNKVLHLQGYTIILFPKSRRKLEKQLIKEF,0.0,0.0,0.0,2.0,2.0,1.0,1.0,3.0,6.0,7.0,1.0,1.0,1.0,2.0,2.0,1.0,1.0,2.0,0.0,1.0
99,MADLASYGKAYRDIEQQVLIALKKGAQLLKYGRK,5.0,0.0,2.0,1.0,0.0,3.0,0.0,2.0,5.0,5.0,1.0,0.0,0.0,3.0,2.0,1.0,0.0,1.0,0.0,3.0
100,MTMKDSIVLYSALGRGHLVSMVELGKLILSHHPS,1.0,0.0,1.0,1.0,0.0,3.0,3.0,2.0,2.0,6.0,3.0,0.0,1.0,0.0,1.0,5.0,1.0,3.0,0.0,1.0
101,MITIYNTVPSNLQKMFHYNTKFAMVLTFFIFMFC,1.0,1.0,0.0,0.0,6.0,0.0,1.0,3.0,2.0,2.0,4.0,3.0,1.0,1.0,0.0,1.0,4.0,2.0,0.0,2.0
102,MFSSRGNMAMASPSSIFSVYASMTASIMLLRSVT,4.0,0.0,0.0,0.0,2.0,1.0,0.0,2.0,0.0,2.0,5.0,1.0,1.0,0.0,2.0,9.0,2.0,2.0,0.0,1.0
103,MAKRVPVGELLVLVLLLLAPKTKAMSITGGHNKS,3.0,0.0,0.0,1.0,0.0,3.0,1.0,1.0,4.0,7.0,2.0,1.0,2.0,0.0,1.0,2.0,2.0,4.0,0.0,0.0
104,MVVTKALLLPPHPHPFCSLPIPTKLGIRPFFTFH,1.0,1.0,0.0,0.0,4.0,1.0,3.0,2.0,2.0,5.0,1.0,0.0,7.0,0.0,1.0,1.0,3.0,2.0,0.0,0.0
105,MIFLGMTSTTSSSPLIASKRSCVMKWKVGLVHAT,2.0,1.0,0.0,0.0,1.0,2.0,1.0,2.0,3.0,3.0,3.0,0.0,1.0,0.0,1.0,6.0,4.0,3.0,1.0,0.0
106,MLASPSENRTRCRKRKRDSPISRRHQKHEEEEDD,1.0,1.0,3.0,5.0,0.0,0.0,2.0,1.0,3.0,1.0,1.0,1.0,2.0,1.0,7.0,4.0,1.0,0.0,0.0,0.0
107,MAFAHYLLAVPVEPSPNFPTNPPKPNPSLSSSSS,3.0,0.0,0.0,1.0,2.0,0.0,1.0,0.0,1.0,3.0,1.0,3.0,8.0,0.0,0.0,7.0,1.0,2.0,0.0,1.0
108,IDSHIKRLDEDLNNFAEDLKQEGKIAPDEPAILP,3.0,0.0,5.0,4.0,1.0,1.0,1.0,4.0,3.0,4.0,0.0,2.0,3.0,1.0,1.0,1.0,0.0,0.0,0.0,0.0
109,MMGINTFSSGSYNVQVGIWRSNIFILLLIFHSPY,0.0,0.0,0.0,0.0,3.0,3.0,1.0,5.0,0.0,3.0,2.0,3.0,1.0,1.0,1.0,5.0,1.0,2.0,1.0,2.0
110,MNLLLLQSSCNLSFYFQTASPLYACYHCHMKGKS,2.0,3.0,0.0,0.0,2.0,1.0,2.0,0.0,2.0,6.0,2.0,2.0,1.0,2.0,0.0,5.0,1.0,0.0,0.0,3.0
111,MMTVEEKPDVTYNDVGGCKEQIEKMREVVELPML,0.0,1.0,2.0,6.0,0.0,2.0,0.0,1.0,3.0,2.0,4.0,1.0,2.0,1.0,1.0,0.0,2.0,5.0,0.0,1.0
112,MEQENQFFSLSDPNLILRLSLSMGGSIENTRFGA,1.0,0.0,1.0,3.0,3.0,3.0,0.0,2.0,0.0,5.0,2.0,3.0,1.0,2.0,2.0,5.0,1.0,0.0,0.0,0.0
113,MRWIFSIHYFPGYEFNPVSIKLMLPMQTSHATSQ,1.0,0.0,0.0,1.0,3.0,1.0,2.0,3.0,1.0,2.0,3.0,1.0,3.0,2.0,1.0,4.0,2.0,1.0,1.0,2.0
114,MSPTTCYYKCCSISATLITTSFANCHTKKFLLSS,2.0,4.0,0.0,0.0,2.0,0.0,1.0,2.0,3.0,3.0,1.0,1.0,1.0,0.0,0.0,6.0,6.0,0.0,0.0,2.0
115,MERYKILRELGDGSCGHVYKARDMRTYEIVAVKR,2.0,1.0,2.0,3.0,0.0,3.0,1.0,2.0,3.0,2.0,2.0,0.0,0.0,0.0,5.0,1.0,1.0,3.0,0.0,3.0
116,MAAPKVNEKLLEDLEVMGFPKARATRALHYSGNT,5.0,0.0,1.0,3.0,1.0,2.0,1.0,0.0,3.0,4.0,2.0,2.0,2.0,0.0,2.0,1.0,2.0,2.0,0.0,1.0
117,MRMKAQSLRVQERKRKEEEEKRLEREREKERIQA,2.0,0.0,0.0,9.0,0.0,0.0,0.0,1.0,5.0,2.0,2.0,0.0,0.0,3.0,8.0,1.0,0.0,1.0,0.0,0.0
118,MYLPRHHILTRLSPYRRHFSHSAAAVLRPPEPEP,3.0,0.0,0.0,2.0,1.0,0.0,4.0,1.0,0.0,4.0,1.0,0.0,6.0,0.0,5.0,3.0,1.0,1.0,0.0,2.0
119,MIAKLPKLRELSLSNCSLSDHFILPWRPSKFNFS,1.0,1.0,1.0,1.0,3.0,0.0,1.0,2.0,3.0,6.0,1.0,2.0,3.0,0.0,2.0,6.0,0.0,0.0,1.0,0.0
120,MDFRDAWAGFFLFCSFWLVTFCEQDGFLSLSCGG,2.0,3.0,3.0,1.0,7.0,4.0,0.0,0.0,0.0,4.0,1.0,0.0,0.0,1.0,1.0,3.0,1.0,1.0,2.0,0.0
121,MNYVSLQRTLRSCAGLDQLKRIHALCATLGFLHT,3.0,2.0,1.0,0.0,1.0,2.0,2.0,1.0,1.0,7.0,1.0,1.0,0.0,2.0,3.0,2.0,3.0,1.0,0.0,1.0
122,MGAGVSTTAIENDDGGTFSLSTKTTLDDIPENCI,2.0,1.0,4.0,2.0,1.0,4.0,0.0,3.0,1.0,2.0,1.0,2.0,1.0,0.0,0.0,3.0,6.0,1.0,0.0,0.0
123,MISTWPSKVNHLVVPRFEIGPSGVTDQNRRRRVK,0.0,0.0,1.0,1.0,1.0,2.0,1.0,2.0,2.0,1.0,1.0,2.0,3.0,1.0,5.0,3.0,2.0,5.0,1.0,0.0
124,MSGIIHKIEETLHVGGHKKEEEHKGEHHGGEHKG,0.0,0.0,0.0,7.0,0.0,7.0,7.0,3.0,5.0,1.0,1.0,0.0,0.0,0.0,0.0,1.0,1.0,1.0,0.0,0.0
125,MKKIVLKLEIHDDKTKKKAMRAVSGISGVETVSV,2.0,0.0,2.0,2.0,0.0,2.0,1.0,3.0,7.0,2.0,2.0,0.0,0.0,0.0,1.0,3.0,2.0,5.0,0.0,0.0
126,MLYKIEFFGVIFSGVETVSVDMNDLKMTIIGNVD,0.0,0.0,3.0,2.0,3.0,3.0,0.0,4.0,2.0,2.0,3.0,2.0,0.0,0.0,0.0,2.0,2.0,5.0,0.0,1.0
127,MKSSDEMHNKIVMMKQSFFDEGFLIPTQFQELEL,0.0,0.0,2.0,4.0,4.0,1.0,1.0,2.0,3.0,3.0,4.0,1.0,1.0,3.0,0.0,3.0,1.0,1.0,0.0,0.0
128,MSESKEENPDLLLKSKAQEEHGFVMDFGIGLESL,1.0,0.0,2.0,6.0,2.0,3.0,1.0,1.0,3.0,5.0,2.0,1.0,1.0,1.0,0.0,4.0,0.0,1.0,0.0,0.0
129,MTASENPDGYCLIKERMTQALRHFKELTEQNVLA,3.0,1.0,1.0,4.0,1.0,1.0,1.0,1.0,2.0,4.0,2.0,2.0,1.0,2.0,2.0,1.0,3.0,1.0,0.0,1.0
130,MHDASLSCLFSQKIRYICCSVTSIVPLYCHRYNL,1.0,4.0,1.0,0.0,1.0,0.0,2.0,3.0,1.0,4.0,1.0,1.0,1.0,1.0,2.0,5.0,1.0,2.0,0.0,3.0
131,MPPSYCVKERKPCVRWVEKYFKDCLCNLKDEISF,0.0,4.0,2.0,3.0,2.0,0.0,0.0,1.0,5.0,2.0,1.0,1.0,3.0,0.0,2.0,2.0,0.0,3.0,1.0,2.0
132,MASSSSSLLPRSHIPTPLISKISSSPRTWSLFIL,1.0,0.0,0.0,0.0,1.0,0.0,1.0,4.0,1.0,5.0,1.0,0.0,4.0,0.0,2.0,11.0,2.0,0.0,1.0,0.0
133,MAAVSGGGSEIWKAHTAMAMVQLFNGGYHVITKV,5.0,0.0,0.0,1.0,1.0,5.0,2.0,2.0,2.0,1.0,3.0,1.0,0.0,1.0,0.0,2.0,2.0,4.0,1.0,1.0
134,MIPVSLEKSDENGELRSYASWLGKHPSALGNFEE,2.0,0.0,1.0,5.0,1.0,3.0,1.0,1.0,2.0,4.0,1.0,2.0,2.0,0.0,1.0,5.0,0.0,1.0,1.0,1.0
135,MVCNLQMRAAVCEVANCFPTAIVSGRSKDKVYEF,4.0,3.0,1.0,2.0,2.0,1.0,0.0,1.0,2.0,1.0,2.0,2.0,1.0,1.0,2.0,2.0,1.0,5.0,0.0,1.0
136,MDISTPSGSSKYEEQEHQIKAVDEKGNPVVHCHP,1.0,1.0,2.0,4.0,0.0,2.0,3.0,2.0,3.0,0.0,1.0,1.0,3.0,2.0,0.0,4.0,1.0,3.0,0.0,1.0
137,MGEHEGWAQAPSGLLPNGLLPNEAASVIQVLDSE,4.0,0.0,1.0,4.0,0.0,4.0,1.0,1.0,0.0,5.0,1.0,2.0,3.0,2.0,0.0,3.0,0.0,2.0,1.0,0.0
138,MKVAQVLHMNGGVGHASYGNNSLVQEKVICLTKP,2.0,1.0,0.0,1.0,0.0,4.0,2.0,1.0,3.0,3.0,2.0,3.0,1.0,2.0,0.0,2.0,1.0,5.0,0.0,1.0
139,MSNMIEVRVPNLDCEGCASKLKKALFKLKGVDEV,2.0,2.0,2.0,3.0,1.0,2.0,0.0,1.0,5.0,4.0,2.0,2.0,1.0,0.0,1.0,2.0,0.0,4.0,0.0,0.0
140,MLYLVRRRLRHIAMRFYLCLMSRPSGVLFSTYSH,1.0,1.0,0.0,0.0,2.0,1.0,2.0,1.0,0.0,6.0,3.0,0.0,1.0,0.0,6.0,4.0,1.0,2.0,0.0,3.0
141,MSRPSGVLFSTYSHWRVLQGSEKLFQLVSDSSKT,0.0,0.0,1.0,1.0,2.0,2.0,1.0,0.0,2.0,4.0,1.0,0.0,1.0,2.0,2.0,8.0,2.0,3.0,1.0,1.0
142,MGDQALNLKVLVIFFETWKEFVSCQVASRIGCFH,2.0,2.0,1.0,2.0,4.0,2.0,1.0,2.0,2.0,3.0,1.0,1.0,0.0,2.0,1.0,2.0,1.0,4.0,1.0,0.0
143,MSGKASVSKELHAKHTKILEGLVKLPDNRECADC,3.0,2.0,2.0,3.0,0.0,2.0,2.0,1.0,5.0,4.0,1.0,1.0,1.0,0.0,1.0,3.0,1.0,2.0,0.0,0.0
144,MSMLETDQIKQLNDIFKRFDMDQDGSLTHLELAA,2.0,0.0,5.0,2.0,2.0,1.0,1.0,2.0,2.0,5.0,3.0,1.0,0.0,3.0,1.0,2.0,2.0,0.0,0.0,0.0
145,MGSPKMDESETQKVDMGRKERASIATILRYSDWI,2.0,0.0,3.0,3.0,0.0,2.0,0.0,3.0,3.0,1.0,3.0,0.0,1.0,1.0,3.0,4.0,2.0,1.0,1.0,1.0
146,MPLNSIPWCHLKLILLSALLLFCCSLDLCSAITD,2.0,4.0,2.0,0.0,1.0,0.0,1.0,3.0,1.0,10.0,1.0,1.0,2.0,0.0,0.0,4.0,1.0,0.0,1.0,0.0
147,MSFQDIQGGPNPPSRRNQSPSQAVAAGIFQINTA,4.0,0.0,1.0,0.0,2.0,3.0,0.0,3.0,0.0,0.0,1.0,3.0,4.0,5.0,2.0,4.0,1.0,1.0,0.0,0.0
148,MDEDFDMAAAEPMGEDFDFAGSGSNPVLKVGEEK,4.0,0.0,5.0,5.0,3.0,4.0,0.0,0.0,2.0,1.0,3.0,1.0,2.0,0.0,0.0,2.0,0.0,2.0,0.0,0.0
149,MEKNWVLRWIFVVGLMCLSVEGIGVNWGTQATHK,1.0,1.0,0.0,2.0,1.0,4.0,1.0,2.0,2.0,3.0,2.0,2.0,0.0,1.0,1.0,1.0,2.0,5.0,3.0,0.0
150,MRPLFRFAQLARRHYKASPPPPPPTPPKPPKKPQ,3.0,0.0,0.0,0.0,2.0,0.0,1.0,0.0,4.0,2.0,1.0,0.0,12.0,2.0,4.0,1.0,1.0,0.0,0.0,1.0
151,MDAVDKTFSELVSIVKSWLPWRSEPVNVSRDFWM,1.0,0.0,3.0,2.0,2.0,0.0,0.0,1.0,2.0,2.0,2.0,1.0,2.0,0.0,2.0,5.0,1.0,5.0,3.0,0.0
152,MPLGSSINHSTALYSSIVASGKSIPESHRNKLLS,2.0,0.0,0.0,1.0,0.0,2.0,2.0,3.0,2.0,4.0,1.0,2.0,2.0,0.0,1.0,9.0,1.0,1.0,0.0,1.0
153,MNSRNSLKWLTRRRVKDFFLVADGDNVGPRAQPF,2.0,0.0,3.0,0.0,3.0,2.0,0.0,0.0,2.0,3.0,1.0,3.0,2.0,1.0,5.0,2.0,1.0,3.0,1.0,0.0
154,MSFSFSLSRRLSSSPSLSIPTFPPSLPNPTFTLC,0.0,1.0,0.0,0.0,4.0,0.0,0.0,1.0,0.0,5.0,1.0,1.0,6.0,0.0,2.0,10.0,3.0,0.0,0.0,0.0
155,MKSLAVAWFMVFMISSEHGINVQGSTRLSILRIS,2.0,0.0,0.0,1.0,2.0,2.0,1.0,4.0,1.0,3.0,3.0,1.0,0.0,1.0,2.0,6.0,1.0,3.0,1.0,0.0
156,MTNPIPIRPWSRLASLRSVPAPESHPKPHTAELS,3.0,0.0,0.0,2.0,0.0,0.0,2.0,2.0,1.0,3.0,1.0,1.0,7.0,0.0,3.0,5.0,2.0,1.0,1.0,0.0
157,MQIFSSDCSIAMARKMLIDGEAELAQGGGEEVSN,4.0,1.0,2.0,4.0,1.0,4.0,0.0,3.0,1.0,2.0,3.0,1.0,0.0,2.0,1.0,4.0,0.0,1.0,0.0,0.0
158,MARKMLIDGEAELAQGGGEEVSNFDFDLFIIGAG,4.0,0.0,3.0,4.0,3.0,6.0,0.0,3.0,1.0,3.0,2.0,1.0,0.0,1.0,1.0,1.0,0.0,1.0,0.0,0.0
159,MSAPSPSSSPAPPPELSSSAPPSSTSPLPLPSPS,3.0,0.0,0.0,1.0,0.0,0.0,0.0,0.0,0.0,3.0,1.0,0.0,12.0,0.0,0.0,13.0,1.0,0.0,0.0,0.0
160,MESVTTRPSPNVVGVANSKHGVEWCGHFQMPLHY,1.0,1.0,0.0,2.0,1.0,3.0,3.0,0.0,1.0,1.0,2.0,2.0,3.0,1.0,1.0,3.0,2.0,5.0,1.0,1.0
161,MGAIRQQPSEWVKGKLVGCGSFGTVHLAMNKYTG,2.0,1.0,0.0,1.0,1.0,6.0,1.0,1.0,3.0,2.0,2.0,1.0,1.0,2.0,1.0,2.0,2.0,3.0,1.0,1.0
162,MDWDGKEFAWDPRGLELANGEGQKSEAASVDLRL,4.0,0.0,4.0,4.0,1.0,4.0,0.0,0.0,2.0,4.0,1.0,1.0,1.0,1.0,2.0,2.0,0.0,1.0,2.0,0.0
163,MAQFTTQGRLKLLFNGEGVSSVLEHNKDPFLYNK,1.0,0.0,1.0,2.0,3.0,3.0,1.0,0.0,3.0,5.0,1.0,3.0,1.0,2.0,1.0,2.0,2.0,2.0,0.0,1.0
164,MSVSAILLLVEILSSIGVLEFTAAAPLVAPIVGI,5.0,0.0,0.0,2.0,1.0,2.0,0.0,5.0,0.0,6.0,1.0,0.0,2.0,0.0,0.0,4.0,1.0,5.0,0.0,0.0
165,MEGRQILSRFCPKSSSVSSIPIVKQQYSLKFPLL,0.0,1.0,0.0,1.0,2.0,1.0,0.0,3.0,3.0,4.0,1.0,0.0,3.0,3.0,2.0,7.0,0.0,2.0,0.0,1.0
166,MVVTTTKSSPMAQDLKTSMSSFTLPKTLKLKTKQ,1.0,0.0,1.0,0.0,1.0,0.0,0.0,0.0,6.0,4.0,3.0,0.0,2.0,2.0,0.0,5.0,7.0,2.0,0.0,0.0
167,MCSFQFSIQLTPELSFSTEPNIQHTSTKIHDQHL,0.0,1.0,1.0,2.0,3.0,0.0,3.0,3.0,1.0,3.0,1.0,1.0,2.0,4.0,0.0,5.0,4.0,0.0,0.0,0.0
168,MSSYFEERAPCCGSHFWILLSMCWASVLFAAITS,4.0,3.0,0.0,2.0,3.0,1.0,1.0,2.0,0.0,3.0,2.0,0.0,1.0,0.0,1.0,6.0,1.0,1.0,2.0,1.0
169,MSPYHGHSSQRFFIFLLILAFRGVRVTATTFTFV,2.0,0.0,0.0,0.0,6.0,2.0,2.0,2.0,0.0,3.0,1.0,0.0,1.0,1.0,3.0,3.0,4.0,3.0,0.0,1.0
170,MQFISYNKHRHEQCTLIDLLVRTIVINDFREANT,1.0,1.0,2.0,2.0,2.0,0.0,2.0,4.0,1.0,3.0,1.0,3.0,0.0,2.0,3.0,1.0,3.0,2.0,0.0,1.0
171,MATTMPKFKRKLVMGANGRTNPLVWLVAIICTII,3.0,1.0,0.0,0.0,1.0,2.0,0.0,4.0,3.0,3.0,3.0,2.0,2.0,0.0,2.0,0.0,4.0,3.0,1.0,0.0
172,MPKFKRKLVMGANGRTNPLVWLVAIICTIIAVAV,4.0,1.0,0.0,0.0,1.0,2.0,0.0,4.0,3.0,3.0,2.0,2.0,2.0,0.0,2.0,0.0,2.0,5.0,1.0,0.0
173,MWVVVTLDFIETVKKAVGDGRRLRFGWSHGLGER,1.0,0.0,2.0,2.0,2.0,5.0,1.0,1.0,2.0,3.0,1.0,0.0,0.0,0.0,4.0,1.0,2.0,5.0,2.0,0.0
174,MPQLHYPVTGLCRHPQPSLPTATRFRNQPLPLKV,1.0,1.0,0.0,0.0,1.0,1.0,2.0,0.0,1.0,5.0,1.0,1.0,7.0,3.0,3.0,1.0,3.0,2.0,0.0,1.0
175,MGKYFRHLYLLILSLQYVFNNGQMDIGRPKDLVE,0.0,0.0,2.0,1.0,2.0,3.0,1.0,2.0,2.0,6.0,2.0,2.0,1.0,2.0,2.0,1.0,0.0,2.0,0.0,3.0
176,MDDPFACYIFSHASVLNLRFVNKYIHQVVTKAVK,3.0,1.0,2.0,0.0,3.0,0.0,2.0,2.0,3.0,2.0,1.0,2.0,1.0,1.0,1.0,2.0,1.0,5.0,0.0,2.0
177,MTTTHWVWILFLVVILVSTKRQGQWNKRTLMAWT,1.0,0.0,0.0,0.0,1.0,1.0,1.0,2.0,2.0,4.0,2.0,1.0,0.0,2.0,2.0,1.0,6.0,4.0,4.0,0.0
178,MGRAFVYVILGGGVAAGYAALEFVKKGVSHGELC,5.0,1.0,0.0,2.0,2.0,7.0,1.0,1.0,2.0,3.0,1.0,0.0,0.0,0.0,1.0,1.0,0.0,5.0,0.0,2.0
179,MSHSHRAEDKYFFAHTQRNFTQQNSLSFSHFLIM,2.0,0.0,1.0,1.0,5.0,0.0,4.0,1.0,1.0,2.0,2.0,2.0,0.0,3.0,2.0,5.0,2.0,0.0,0.0,1.0
180,METFSISRNSSSLIILTRPSTRHKPIFLPQRHGS,0.0,0.0,0.0,1.0,2.0,1.0,2.0,4.0,1.0,3.0,1.0,1.0,3.0,1.0,4.0,7.0,3.0,0.0,0.0,0.0
181,MSSSSYFSDSNPQWIYDVFINFRGEDTRRNFVSH,0.0,0.0,3.0,1.0,4.0,1.0,1.0,2.0,0.0,0.0,1.0,3.0,1.0,1.0,3.0,7.0,1.0,2.0,1.0,2.0
182,MASAARLTFFAVSMVLLSSVAIATDFTVGDGTGW,6.0,0.0,2.0,0.0,3.0,3.0,0.0,1.0,0.0,3.0,2.0,0.0,0.0,0.0,1.0,4.0,4.0,4.0,1.0,0.0
183,MSSFSITRKKTPFQKHREEEEAKKKRAEDETARL,3.0,0.0,1.0,6.0,2.0,0.0,1.0,1.0,6.0,1.0,1.0,0.0,1.0,1.0,4.0,3.0,3.0,0.0,0.0,0.0
184,MRMEYLNLMYFQYLILCICKELATTKERTNTYAF,2.0,2.0,0.0,3.0,2.0,0.0,0.0,2.0,2.0,5.0,3.0,2.0,0.0,1.0,2.0,0.0,4.0,0.0,0.0,4.0
185,MALKRINTELKDLQKDPPVSCSAGPVTNDMFHWQ,2.0,1.0,3.0,1.0,1.0,1.0,1.0,1.0,3.0,3.0,2.0,2.0,3.0,2.0,1.0,2.0,2.0,2.0,1.0,0.0
186,MAQVPASEATAFWTDEKHVHFLNSMEASFVRTML,5.0,0.0,1.0,3.0,3.0,0.0,2.0,0.0,1.0,2.0,3.0,1.0,1.0,1.0,1.0,3.0,3.0,3.0,1.0,0.0
187,MEGQTSDSLNEQQCLETKLTNMLQNVEPPEMYGF,0.0,1.0,1.0,5.0,1.0,2.0,0.0,0.0,1.0,4.0,3.0,3.0,2.0,4.0,0.0,2.0,3.0,1.0,0.0,1.0
188,MESATASSSESEMALPLPLASESQQPYVSELLSF,4.0,0.0,0.0,5.0,1.0,0.0,0.0,0.0,0.0,5.0,2.0,0.0,3.0,2.0,0.0,9.0,1.0,1.0,0.0,1.0
189,MQPSLETSLQPYFLYFEVILKEATIMVNSMSFLL,1.0,0.0,0.0,3.0,3.0,0.0,0.0,2.0,1.0,6.0,3.0,1.0,2.0,2.0,0.0,4.0,2.0,2.0,0.0,2.0
190,MSKQPIDPFRHINIVLNPNGTLNRLRHIPSTAPS,1.0,0.0,1.0,0.0,1.0,1.0,2.0,4.0,1.0,3.0,1.0,4.0,5.0,1.0,3.0,3.0,2.0,1.0,0.0,0.0
191,MQTALTFAAPNVVPLAPTKSVSHITIFPTKLKAP,5.0,0.0,0.0,0.0,2.0,0.0,1.0,2.0,3.0,3.0,1.0,1.0,5.0,1.0,0.0,2.0,5.0,3.0,0.0,0.0
192,MVVSGSSPLTSKRRRVTNFCSTDMDAETAKAKLA,4.0,1.0,2.0,1.0,1.0,1.0,0.0,0.0,3.0,2.0,2.0,1.0,1.0,0.0,3.0,5.0,4.0,3.0,0.0,0.0
193,MSAVNLNTWPRPSFILNQTATRRSRSSPTSHFFH,2.0,0.0,0.0,0.0,3.0,0.0,2.0,1.0,0.0,2.0,1.0,3.0,3.0,1.0,4.0,6.0,4.0,1.0,1.0,0.0
194,MEAETNSPEDASAMAFGQHQVTDQTSVENVQPAE,5.0,0.0,2.0,5.0,1.0,1.0,1.0,0.0,0.0,0.0,2.0,2.0,2.0,4.0,0.0,3.0,3.0,3.0,0.0,0.0
195,MPEDKALQTIPNTTSVGNEAIDDSSQEERQPEAE,3.0,0.0,3.0,6.0,0.0,1.0,0.0,2.0,1.0,1.0,1.0,2.0,3.0,3.0,1.0,3.0,3.0,1.0,0.0,0.0
196,MSSSGFPGGGGASEFFAGVGGFGGRSIPATSMNN,3.0,0.0,0.0,1.0,4.0,10.0,0.0,1.0,0.0,0.0,2.0,2.0,2.0,0.0,1.0,6.0,1.0,1.0,0.0,0.0
197,MMATKYQLQPQSNINLRLYICMSCFHGCRCYVSH,1.0,4.0,0.0,0.0,1.0,1.0,2.0,2.0,1.0,3.0,3.0,2.0,1.0,3.0,2.0,3.0,1.0,1.0,0.0,3.0
198,MTFSFSFQYHSFMDNLAAPFHHLNPYFVHNPQTH,2.0,0.0,1.0,0.0,6.0,0.0,5.0,0.0,0.0,2.0,2.0,3.0,3.0,2.0,0.0,3.0,2.0,1.0,0.0,2.0
199,MGASQSVQVVEDSEEEEDERNLNGPLMGRAQLGN,2.0,0.0,2.0,6.0,0.0,4.0,0.0,0.0,0.0,3.0,2.0,3.0,1.0,3.0,2.0,3.0,0.0,3.0,0.0,0.0
200,MGRSLSPLVRQELANLEKDEDSRKSAMKALKSYV,3.0,0.0,2.0,3.0,0.0,1.0,0.0,0.0,4.0,5.0,2.0,1.0,1.0,1.0,3.0,5.0,0.0,2.0,0.0,1.0
201,MDPQPEPVSYICGDCGMENTLKPGDVIQCRECGY,0.0,4.0,3.0,3.0,0.0,4.0,0.0,2.0,1.0,1.0,2.0,1.0,4.0,2.0,1.0,1.0,1.0,2.0,0.0,2.0
202,MNHIKSCTRNLGALTSSPKRHLYVDASMIKTGFD,2.0,1.0,2.0,0.0,1.0,2.0,2.0,2.0,3.0,3.0,2.0,2.0,1.0,0.0,2.0,4.0,3.0,1.0,0.0,1.0
203,MARRNSGKHLLVGEKEDYNKLAMDDENKKWMHKE,2.0,0.0,3.0,4.0,0.0,2.0,2.0,0.0,6.0,3.0,3.0,3.0,0.0,0.0,2.0,1.0,0.0,1.0,1.0,1.0
204,MIGIHGIGGIGKTTLAIAVYNLIACHFDGSCFLK,3.0,2.0,1.0,0.0,2.0,6.0,2.0,6.0,2.0,3.0,1.0,1.0,0.0,0.0,0.0,1.0,2.0,1.0,0.0,1.0
205,MPVTLGTLSNLVMLDLSSNLLEGSIKESNFVKLL,0.0,0.0,1.0,2.0,1.0,2.0,0.0,1.0,2.0,9.0,2.0,3.0,1.0,0.0,0.0,5.0,2.0,3.0,0.0,0.0
206,MKDKCGIIVNCTLWEDFAFLLKDYLDKHENVPVI,1.0,2.0,4.0,2.0,2.0,1.0,1.0,3.0,4.0,4.0,1.0,2.0,1.0,0.0,0.0,0.0,1.0,3.0,1.0,1.0
207,MYGSRLFTNEDLKDIEDYKNGVLIKERASDIKQQ,1.0,0.0,4.0,3.0,1.0,2.0,0.0,3.0,4.0,3.0,1.0,2.0,0.0,2.0,2.0,2.0,1.0,1.0,0.0,2.0
208,MVYCSHCAKNVAGERLDDGFLCCGSCGRVLEDYF,2.0,5.0,3.0,2.0,2.0,4.0,1.0,0.0,1.0,3.0,1.0,1.0,0.0,0.0,2.0,2.0,0.0,3.0,0.0,2.0
209,MNTITLLLLFPFFTQFLEVEPARTKLPGKTRFPI,1.0,0.0,0.0,2.0,5.0,1.0,0.0,2.0,2.0,6.0,1.0,1.0,4.0,1.0,2.0,0.0,5.0,1.0,0.0,0.0
210,MAVLFATHVLLLILSTATTLHFSASKAARLNMTC,6.0,1.0,0.0,0.0,2.0,0.0,2.0,1.0,1.0,7.0,2.0,1.0,0.0,0.0,1.0,3.0,5.0,2.0,0.0,0.0
211,MVGGNINSRQYNDTTSTKIFVGGLAWETQRDTMR,1.0,0.0,2.0,1.0,1.0,4.0,0.0,2.0,1.0,1.0,2.0,3.0,0.0,2.0,3.0,2.0,5.0,2.0,1.0,1.0
212,MALHDLPFTPMTTISLFIILFSLFSTPSHSALTC,2.0,1.0,1.0,0.0,4.0,0.0,2.0,3.0,0.0,6.0,2.0,0.0,3.0,0.0,0.0,5.0,5.0,0.0,0.0,0.0
213,MKFNSRNWVTLIASVWMSFTVSVMEGVRPLPNPL,1.0,0.0,0.0,1.0,2.0,1.0,0.0,1.0,1.0,3.0,3.0,3.0,3.0,0.0,2.0,4.0,2.0,5.0,2.0,0.0
214,MPKKRKSIATSLDEVDRTLYASFCTAANSLSQLY,4.0,1.0,2.0,1.0,1.0,0.0,0.0,1.0,3.0,4.0,1.0,1.0,1.0,1.0,2.0,5.0,3.0,1.0,0.0,2.0
215,MACSSAQIHGLGTPSFSRTLFLGQRLNTKAAFIK,4.0,1.0,0.0,0.0,3.0,3.0,1.0,2.0,2.0,4.0,1.0,1.0,1.0,2.0,2.0,4.0,3.0,0.0,0.0,0.0
216,MSSRGATAVLSRASRIRSKLQTALEATVLEVDDV,5.0,0.0,2.0,2.0,0.0,1.0,0.0,1.0,1.0,4.0,1.0,0.0,0.0,1.0,4.0,5.0,3.0,4.0,0.0,0.0
217,MASSCASSAIAAVAISTPSSQKNGSLLGSTKASF,7.0,1.0,0.0,0.0,1.0,2.0,0.0,2.0,2.0,2.0,1.0,1.0,1.0,1.0,0.0,10.0,2.0,1.0,0.0,0.0
218,MVTIHCSHLVVPSEPTPSSTLSLSLCDQIKLPNH,0.0,2.0,1.0,1.0,0.0,0.0,3.0,2.0,1.0,5.0,1.0,1.0,4.0,1.0,0.0,6.0,3.0,3.0,0.0,0.0
219,MHPINTGDDSTLSSPIPQYGQISNSCLIETQDPS,0.0,1.0,3.0,1.0,0.0,2.0,1.0,4.0,0.0,2.0,1.0,2.0,4.0,3.0,0.0,6.0,3.0,0.0,0.0,1.0
220,MYYQQQQQAKNMHALRMHSPTERHMMLQGGNGAG,3.0,0.0,0.0,1.0,0.0,4.0,3.0,0.0,1.0,2.0,5.0,2.0,1.0,6.0,2.0,1.0,1.0,0.0,0.0,2.0
221,MDVDGGNKRVYNRLGGDAKHQKVCFHWQAGKCNR,2.0,2.0,3.0,0.0,1.0,5.0,2.0,0.0,4.0,1.0,1.0,3.0,0.0,2.0,3.0,0.0,0.0,3.0,1.0,1.0
222,MATSLLLLLFITCFSLLPSSYSYSSPFPPSASFL,2.0,1.0,0.0,0.0,4.0,0.0,0.0,1.0,0.0,8.0,1.0,0.0,4.0,0.0,0.0,9.0,2.0,0.0,0.0,2.0
223,MSHSGLEEMGNEKKKEVIRIERESVIPVLKPQLI,0.0,0.0,0.0,6.0,0.0,2.0,1.0,4.0,4.0,3.0,2.0,1.0,2.0,1.0,2.0,3.0,0.0,3.0,0.0,0.0
224,MQVMKKSNFKIATQEEIDIALSGQYILNLPITVN,2.0,0.0,1.0,2.0,1.0,1.0,0.0,5.0,3.0,3.0,2.0,3.0,1.0,3.0,0.0,2.0,2.0,2.0,0.0,1.0
225,MKKSNFKIATQEEIDIALSGQYILNLPITVNESK,2.0,0.0,1.0,3.0,1.0,1.0,0.0,5.0,4.0,3.0,1.0,3.0,1.0,2.0,0.0,3.0,2.0,1.0,0.0,1.0
226,MEELIISPSSSSSLVSLSQENPTPTLQQKLQFLL,0.0,0.0,0.0,3.0,1.0,0.0,0.0,2.0,1.0,7.0,1.0,1.0,3.0,4.0,0.0,8.0,2.0,1.0,0.0,0.0
227,MIYMQNQQLHLFSIYPCVIMNSSSIYILVFVQLW,0.0,1.0,0.0,0.0,2.0,0.0,1.0,5.0,0.0,4.0,3.0,2.0,1.0,4.0,0.0,4.0,0.0,3.0,1.0,3.0
228,MNSSSIYILVFVQLWLLSLPCRESVCIPSERETL,0.0,2.0,0.0,3.0,1.0,0.0,0.0,3.0,0.0,6.0,1.0,1.0,2.0,1.0,2.0,6.0,1.0,3.0,1.0,1.0
229,MGQSPRHCVCQQILFVLFRLRGILIFAEVWERFK,1.0,2.0,0.0,2.0,4.0,2.0,1.0,3.0,1.0,4.0,1.0,0.0,1.0,3.0,4.0,1.0,0.0,3.0,1.0,0.0
230,MAWSLTLPPPSSLSSSSSPSFPTFHHHHHSLFFN,1.0,0.0,0.0,0.0,4.0,0.0,5.0,0.0,0.0,4.0,1.0,1.0,5.0,0.0,0.0,10.0,2.0,0.0,1.0,0.0
231,MATTEETRKKEGSNLLGSPNFTELGNGRFKCLET,1.0,1.0,0.0,5.0,2.0,4.0,0.0,0.0,3.0,4.0,1.0,3.0,1.0,0.0,2.0,2.0,5.0,0.0,0.0,0.0
232,MGINICLSLCFFYITTLHRTISTLAQSENYIIHM,1.0,2.0,0.0,1.0,2.0,1.0,2.0,6.0,0.0,4.0,2.0,2.0,0.0,1.0,1.0,3.0,4.0,0.0,0.0,2.0
233,MNRKNMESNGESHSSRSGSFREGFGLAPNEAKVH,2.0,0.0,0.0,4.0,2.0,4.0,2.0,0.0,2.0,1.0,2.0,4.0,1.0,0.0,3.0,6.0,0.0,1.0,0.0,0.0
234,MGTTKSLRERERERGKMRYGGGKRRRVALKPFFV,1.0,0.0,0.0,3.0,2.0,5.0,0.0,0.0,4.0,2.0,2.0,0.0,1.0,0.0,8.0,1.0,2.0,2.0,0.0,1.0
235,MQDGGRNGGGFHKWCREERVPQSEKDDSESFSRQ,0.0,1.0,3.0,4.0,2.0,5.0,1.0,0.0,2.0,0.0,1.0,1.0,1.0,3.0,4.0,4.0,0.0,1.0,1.0,0.0
236,MAGGANFVQRVLSYVVNEVVVNGLANSPAFQRFA,5.0,0.0,0.0,1.0,3.0,3.0,0.0,0.0,0.0,2.0,1.0,4.0,1.0,2.0,2.0,2.0,0.0,7.0,0.0,1.0
237,MWEALSQVLYLNLSRNHIHGEIGTTLKNPISIPT,1.0,0.0,0.0,2.0,0.0,2.0,2.0,4.0,1.0,5.0,1.0,3.0,2.0,1.0,1.0,3.0,3.0,1.0,1.0,1.0
238,MPSWWGKSSSTKKKANKESFIDAFHRKFKIPSEG,2.0,0.0,1.0,2.0,3.0,2.0,1.0,2.0,7.0,0.0,1.0,1.0,2.0,0.0,1.0,6.0,1.0,0.0,2.0,0.0
239,MSSTSPKRRPLSNHVTNLQIPPHGAFFSAPDSSR,2.0,0.0,1.0,0.0,2.0,1.0,2.0,1.0,1.0,2.0,1.0,2.0,5.0,1.0,3.0,7.0,2.0,1.0,0.0,0.0
240,MESARISQWLNLLVCVLLLLKAEGSSVPLTLVEN,2.0,1.0,0.0,3.0,0.0,1.0,0.0,1.0,1.0,9.0,1.0,2.0,1.0,1.0,1.0,4.0,1.0,4.0,1.0,0.0
241,MMILSPKISRVDDEDVSSSGLTKDSQELCVTDCG,0.0,2.0,5.0,2.0,0.0,2.0,0.0,2.0,2.0,3.0,2.0,0.0,1.0,1.0,1.0,6.0,2.0,3.0,0.0,0.0
242,MSWMSVDEFLVQCKKSGDAAYASLRSLLERLDNP,3.0,1.0,3.0,2.0,1.0,1.0,0.0,0.0,2.0,5.0,2.0,1.0,1.0,1.0,2.0,5.0,0.0,2.0,1.0,1.0
243,MFPWANTRVCMYVLPLPIIVSLMHCIAGHHGRNK,2.0,2.0,0.0,0.0,1.0,2.0,3.0,3.0,1.0,3.0,3.0,2.0,3.0,0.0,2.0,1.0,1.0,3.0,1.0,1.0
244,MSKMITENASEEFLHSLSNYCALQGFVEDQFGLG,2.0,1.0,1.0,4.0,3.0,3.0,1.0,1.0,1.0,4.0,2.0,2.0,0.0,2.0,0.0,4.0,1.0,1.0,0.0,1.0
245,MPSFSFLRTFRVSLFPPYPPIAIPTATLHSQPHS,2.0,0.0,0.0,0.0,4.0,0.0,2.0,2.0,0.0,3.0,1.0,0.0,7.0,1.0,2.0,5.0,3.0,1.0,0.0,1.0
246,MGKHSTLISKEGMEKMLGRNCGKLKTKIVCTLGP,0.0,2.0,0.0,2.0,0.0,5.0,1.0,2.0,6.0,4.0,3.0,1.0,1.0,0.0,1.0,2.0,3.0,1.0,0.0,0.0
247,MEKMLGRNCGKLKTKIVCTLGPSSRSVEMLEKLL,0.0,2.0,0.0,3.0,0.0,3.0,0.0,1.0,5.0,6.0,3.0,1.0,1.0,0.0,2.0,3.0,2.0,2.0,0.0,0.0
248,MWMLSQSKPLRSRTYLLHFTRRRCHCNSQNDAAS,2.0,2.0,1.0,0.0,1.0,0.0,2.0,0.0,1.0,4.0,2.0,2.0,1.0,2.0,5.0,5.0,2.0,0.0,1.0,1.0
249,MGLPLLSSALWDPSHNCVSSSVEFIRPLLSASKS,2.0,1.0,1.0,1.0,1.0,1.0,1.0,1.0,1.0,6.0,1.0,1.0,3.0,0.0,1.0,9.0,0.0,2.0,1.0,0.0
250,MSIIFLLVLCNLLMSRILENCPERNCCCSGAHFN,1.0,5.0,0.0,2.0,2.0,1.0,1.0,3.0,0.0,6.0,2.0,4.0,1.0,0.0,2.0,3.0,0.0,1.0,0.0,0.0
251,MGTDGSELVETLPNPRSFKVHRTMCAELRKLVDR,1.0,1.0,2.0,3.0,1.0,2.0,1.0,0.0,2.0,4.0,2.0,1.0,2.0,0.0,4.0,2.0,3.0,3.0,0.0,0.0
252,MQALCLLNEAIDKAKQLLLYCSESSKLYLAITGD,4.0,2.0,2.0,2.0,0.0,1.0,0.0,2.0,3.0,8.0,1.0,1.0,0.0,2.0,0.0,3.0,1.0,0.0,0.0,2.0
253,MTQYLITTRSTFQSMLFQWLCTQDFERIDGWFLP,0.0,1.0,2.0,1.0,4.0,1.0,0.0,2.0,0.0,4.0,2.0,0.0,1.0,4.0,2.0,2.0,5.0,0.0,2.0,1.0
254,MRKKVMIVILPPTLGILILALFAFGVSYHLCQTS,2.0,1.0,0.0,0.0,2.0,2.0,1.0,4.0,2.0,6.0,2.0,0.0,2.0,1.0,1.0,2.0,2.0,3.0,0.0,1.0
255,MARVKHTPASRKSGKKKAPRASTSTQPSLSSSQS,4.0,0.0,0.0,0.0,0.0,1.0,1.0,0.0,5.0,1.0,1.0,0.0,3.0,2.0,3.0,9.0,3.0,1.0,0.0,0.0
256,MVFIFPTLLSMKLQPLLLLLVMYFCAFAASSEIA,4.0,1.0,0.0,1.0,4.0,0.0,0.0,2.0,1.0,8.0,3.0,0.0,2.0,1.0,0.0,3.0,1.0,2.0,0.0,1.0
257,MGSIAEEEAMPNLVGSEERILVSVRVRPLNEKEL,2.0,0.0,0.0,7.0,0.0,2.0,0.0,2.0,1.0,4.0,2.0,2.0,2.0,0.0,3.0,3.0,0.0,4.0,0.0,0.0
258,MDRVFRTDSPTKQVYEEAAKEVALSVLSGINSSI,3.0,0.0,2.0,3.0,1.0,1.0,0.0,2.0,2.0,2.0,1.0,1.0,1.0,1.0,2.0,5.0,2.0,4.0,0.0,1.0
259,MSGITDFAIADIFNYIEKHTEREFVLKFSALEIY,3.0,0.0,2.0,4.0,4.0,1.0,1.0,5.0,2.0,2.0,1.0,1.0,0.0,0.0,1.0,2.0,2.0,1.0,0.0,2.0
260,MMIFFLCMSSRQWGAWRIISLTEILTLNHFLGTP,1.0,1.0,0.0,1.0,3.0,2.0,1.0,4.0,0.0,5.0,3.0,1.0,1.0,1.0,2.0,3.0,3.0,0.0,2.0,0.0
261,MEEAEKELERRSKFLNSLIQKKKKGIEQHEHESF,1.0,0.0,0.0,8.0,2.0,1.0,2.0,2.0,6.0,3.0,1.0,1.0,0.0,2.0,2.0,3.0,0.0,0.0,0.0,0.0
262,MVSSKRNVFGTKGEMGIDFMVLVLSVSWFCLTSI,0.0,1.0,1.0,1.0,3.0,3.0,0.0,2.0,2.0,3.0,3.0,1.0,0.0,0.0,1.0,5.0,2.0,5.0,1.0,0.0
263,MPSFSFLRTLRLSLFPPYTPIAIPTATLHSQSHS,2.0,0.0,0.0,0.0,3.0,0.0,2.0,2.0,0.0,5.0,1.0,0.0,5.0,1.0,2.0,6.0,4.0,0.0,0.0,1.0
264,MRQVKQIHGYTLRNGIDQTKILIEKLLEIPNLHY,0.0,0.0,1.0,2.0,0.0,2.0,2.0,5.0,3.0,5.0,1.0,2.0,1.0,3.0,2.0,0.0,2.0,1.0,0.0,2.0
265,MAMKLKYLSSIAEDVIKRCSQKLDTSVEKLVEDF,2.0,1.0,3.0,3.0,1.0,0.0,0.0,2.0,5.0,4.0,2.0,0.0,0.0,1.0,1.0,4.0,1.0,3.0,0.0,1.0
266,MFLKEMDKCIRHLQKHATPNGVELAEDEYILHVD,2.0,1.0,3.0,4.0,1.0,1.0,3.0,2.0,3.0,4.0,2.0,1.0,1.0,1.0,1.0,0.0,1.0,2.0,0.0,1.0
267,MLRTLARVFKRATLANDLLQKRSRFYATTVGGRS,4.0,0.0,1.0,0.0,2.0,2.0,0.0,0.0,2.0,5.0,1.0,1.0,0.0,1.0,6.0,2.0,4.0,2.0,0.0,1.0
268,MLRTLARVFKRATLANDLLQKRSRFYATTVGGRR,4.0,0.0,1.0,0.0,2.0,2.0,0.0,0.0,2.0,5.0,1.0,1.0,0.0,1.0,7.0,1.0,4.0,2.0,0.0,1.0
269,MYVAEKLNKGDSSACLMQQQPFCYASGFPKEANK,4.0,2.0,1.0,2.0,2.0,2.0,0.0,0.0,4.0,2.0,2.0,2.0,2.0,3.0,0.0,3.0,0.0,1.0,0.0,2.0
270,MEESGDARDLQKPFLHTGSWYKMGSRQSSIMGSS,1.0,0.0,2.0,2.0,1.0,4.0,1.0,1.0,2.0,2.0,3.0,0.0,1.0,2.0,2.0,7.0,1.0,0.0,1.0,1.0
271,MMVLDVLSGPTGTAISQTVDTIADFLVTANDVLV,3.0,0.0,4.0,0.0,1.0,2.0,0.0,2.0,0.0,4.0,2.0,1.0,1.0,1.0,0.0,2.0,5.0,6.0,0.0,0.0
272,MAHKTLFKPSLILTLRLNKTAISFSHHHPFRHSQ,2.0,0.0,0.0,0.0,3.0,0.0,5.0,2.0,3.0,5.0,1.0,1.0,2.0,1.0,2.0,4.0,3.0,0.0,0.0,0.0
273,MMRFYTTSAKPFHSDHYSRLVSLIDSCKSMQQIK,1.0,1.0,2.0,0.0,2.0,0.0,2.0,2.0,3.0,2.0,3.0,0.0,1.0,2.0,2.0,6.0,2.0,1.0,0.0,2.0
274,MKMTLVTLVLVFALITKALAGPASEPVLDALGKK,5.0,0.0,1.0,1.0,1.0,2.0,0.0,1.0,4.0,7.0,2.0,0.0,2.0,0.0,0.0,1.0,3.0,4.0,0.0,0.0
275,METQSDGNEDTIAAIKDMRQQLEARIESQHKAHM,4.0,0.0,3.0,4.0,0.0,1.0,2.0,3.0,2.0,1.0,3.0,1.0,0.0,4.0,2.0,2.0,2.0,0.0,0.0,0.0
276,MSLILCSCKSLCFPKCSLPLNHISNNLRNKPHAN,1.0,4.0,0.0,0.0,1.0,0.0,2.0,2.0,3.0,6.0,1.0,5.0,3.0,0.0,1.0,5.0,0.0,0.0,0.0,0.0
277,MARPLVMIHPLPNNYSHIGFTLVSLMVCAIALLT,3.0,1.0,0.0,0.0,1.0,1.0,2.0,3.0,0.0,6.0,3.0,2.0,3.0,0.0,1.0,2.0,2.0,3.0,0.0,1.0
278,MMMDPRQREKLLHKTEACAFVAGVVPELSLVTVP,3.0,1.0,1.0,3.0,1.0,1.0,1.0,0.0,2.0,4.0,3.0,0.0,3.0,1.0,2.0,1.0,2.0,5.0,0.0,0.0
279,MKVVYLLVALLALTSTVVSAYDPSPLQDFCVAAK,5.0,1.0,2.0,0.0,1.0,0.0,0.0,0.0,2.0,6.0,1.0,0.0,2.0,1.0,0.0,3.0,2.0,6.0,0.0,2.0
280,MGRVQVNNKEEFSQMENDDFSDSQLVRHFRGVLV,0.0,0.0,3.0,3.0,3.0,2.0,1.0,0.0,1.0,2.0,2.0,3.0,0.0,3.0,3.0,3.0,0.0,5.0,0.0,0.0
281,MYADRMEGGARRPVKERLNNGNGVIGSTRQQQQR,2.0,0.0,1.0,2.0,0.0,5.0,0.0,1.0,1.0,1.0,2.0,3.0,1.0,4.0,6.0,1.0,1.0,2.0,0.0,1.0
282,MVFLTGWLAMSAPMIIDPMVISAPETQSAAAAAS,8.0,0.0,1.0,1.0,1.0,1.0,0.0,3.0,0.0,2.0,4.0,0.0,3.0,1.0,0.0,4.0,2.0,2.0,1.0,0.0
283,MSAPMIIDPMVISAPETQSAAAAASILVAQSEVE,8.0,0.0,1.0,3.0,0.0,0.0,0.0,4.0,0.0,1.0,3.0,0.0,3.0,2.0,0.0,5.0,1.0,3.0,0.0,0.0
284,MTSVTQSTGMLTREQLFHLFDRFIFLTSKPDVKK,0.0,0.0,2.0,1.0,4.0,1.0,1.0,1.0,3.0,4.0,2.0,0.0,1.0,2.0,2.0,3.0,5.0,2.0,0.0,0.0
285,MVEAVATVGGGGGREREREMSRLRRLIQASVDAT,4.0,0.0,1.0,4.0,0.0,5.0,0.0,1.0,0.0,2.0,2.0,0.0,0.0,1.0,6.0,2.0,2.0,4.0,0.0,0.0
286,MGRRPCCPKEINKGAWSREEDETLSKYVSIHGEG,1.0,2.0,1.0,5.0,0.0,4.0,1.0,2.0,3.0,1.0,1.0,1.0,2.0,0.0,3.0,3.0,1.0,1.0,1.0,1.0
287,MDSRAVQTHSHEHHHNSHNVGSHAVAHGEEQHHH,3.0,0.0,1.0,3.0,0.0,2.0,11.0,0.0,0.0,0.0,1.0,2.0,0.0,2.0,1.0,4.0,1.0,3.0,0.0,0.0
288,MRKRQSIAVLLNTFVTFASIVIDDDQPKHSLFNK,2.0,0.0,3.0,0.0,3.0,0.0,1.0,3.0,3.0,3.0,1.0,2.0,1.0,2.0,2.0,3.0,2.0,3.0,0.0,0.0
289,MHSAFSLVLSFQSAVVKMLTIIRTLLEHMVLRSM,2.0,0.0,0.0,1.0,2.0,0.0,2.0,2.0,1.0,6.0,4.0,0.0,0.0,1.0,2.0,5.0,2.0,4.0,0.0,0.0
290,QIKDVSDAIQKVAAAYDCKIVEGVLSHQMKQFVI,4.0,1.0,3.0,1.0,1.0,1.0,1.0,4.0,4.0,1.0,1.0,0.0,0.0,4.0,0.0,2.0,0.0,5.0,0.0,1.0
291,MHLWPTKNLRDSFKHSYLKRLEWNYQRMKAEKDQ,1.0,0.0,2.0,2.0,1.0,0.0,2.0,0.0,5.0,4.0,2.0,2.0,1.0,2.0,3.0,2.0,1.0,0.0,2.0,2.0
292,MKTWKAMTVLPLGEDPPAITSLCFNHNGKILAAS,4.0,1.0,1.0,1.0,1.0,2.0,1.0,2.0,3.0,4.0,2.0,2.0,3.0,0.0,0.0,2.0,3.0,1.0,1.0,0.0
293,MPSGSRNPLVVGRVIGEVIDPFESSIPFRVTYGN,0.0,0.0,1.0,2.0,2.0,4.0,0.0,3.0,0.0,1.0,1.0,2.0,4.0,0.0,3.0,4.0,1.0,5.0,0.0,1.0
294,MVFTFPTLLSMKLQPLSLLLVMYFCAFATSSEIA,3.0,1.0,0.0,1.0,4.0,0.0,0.0,1.0,1.0,7.0,3.0,0.0,2.0,1.0,0.0,4.0,3.0,2.0,0.0,1.0
295,MREQEDWRITTALLTLLLVFVSSFPALSYGVVPP,2.0,0.0,1.0,2.0,2.0,1.0,0.0,1.0,0.0,6.0,1.0,0.0,3.0,1.0,2.0,3.0,3.0,4.0,1.0,1.0
296,MTSTMQLTMVKGTIPVALSRRVCCQCQASLWPPW,2.0,3.0,0.0,0.0,0.0,1.0,0.0,1.0,1.0,3.0,3.0,0.0,3.0,3.0,2.0,3.0,4.0,3.0,2.0,0.0
297,MSGGRRRKLRLSKIYSFACCKASFEGDHHSQIGG,2.0,2.0,1.0,1.0,2.0,5.0,2.0,2.0,3.0,2.0,1.0,0.0,0.0,1.0,4.0,5.0,0.0,0.0,0.0,1.0
298,MTMMSSSNNNVGEFGDTTLTKVFVGGLAWETPKD,1.0,0.0,2.0,2.0,2.0,4.0,0.0,0.0,2.0,2.0,3.0,3.0,1.0,0.0,0.0,3.0,5.0,3.0,1.0,0.0
299,MVSGSGICAKRVVVDARHHMLGRLASIVAKELLN,4.0,1.0,1.0,1.0,0.0,3.0,2.0,2.0,2.0,4.0,2.0,1.0,0.0,0.0,3.0,3.0,0.0,5.0,0.0,0.0
300,MEIISPFHLFTKIYSVMQIVWENHFRKTLLECLL,0.0,1.0,0.0,3.0,3.0,0.0,2.0,4.0,2.0,5.0,2.0,1.0,1.0,1.0,1.0,2.0,2.0,2.0,1.0,1.0
301,MVSFLPLKLVAKFDVHIHKVWCLIMLRVGSMRYF,1.0,1.0,1.0,0.0,3.0,1.0,2.0,2.0,3.0,5.0,3.0,0.0,1.0,0.0,2.0,2.0,0.0,5.0,1.0,1.0
302,MLRVGSMRYFYLYLVVLTWFLSIPSTHELQLAQT,1.0,0.0,0.0,1.0,2.0,1.0,1.0,1.0,0.0,7.0,2.0,0.0,1.0,2.0,2.0,3.0,3.0,3.0,1.0,3.0
303,MLRSLLKSPDGYLPTEPKSYAGISDPAKGGNPDI,2.0,0.0,3.0,1.0,0.0,4.0,0.0,2.0,3.0,4.0,1.0,1.0,5.0,0.0,1.0,4.0,1.0,0.0,0.0,2.0
304,MSPPSQKYASKNDPKKEHESVSNQLGNKASPSGK,2.0,0.0,1.0,2.0,0.0,2.0,1.0,0.0,6.0,1.0,1.0,3.0,4.0,2.0,0.0,7.0,0.0,1.0,0.0,1.0
305,MVLREANRVKNKQVYSQVELIMWEENLQQQILLL,1.0,0.0,0.0,4.0,0.0,0.0,0.0,2.0,2.0,6.0,2.0,3.0,0.0,5.0,2.0,1.0,0.0,4.0,1.0,1.0
306,MTHEDWDLFAIVRSCKAATFTATTNTETPPTPAP,5.0,1.0,2.0,2.0,2.0,0.0,1.0,1.0,1.0,1.0,1.0,1.0,4.0,0.0,1.0,1.0,8.0,1.0,1.0,0.0
307,MVFIIPTLLSMKLQPLLLLLVMYFCAFAASSEIA,4.0,1.0,0.0,1.0,3.0,0.0,0.0,3.0,1.0,8.0,3.0,0.0,2.0,1.0,0.0,3.0,1.0,2.0,0.0,1.0
308,MELFLLKLVPYPISTLLTCPLIISLVAFPIPLVI,1.0,1.0,0.0,1.0,2.0,0.0,0.0,5.0,1.0,9.0,1.0,0.0,5.0,0.0,0.0,2.0,2.0,3.0,0.0,1.0
309,MLSLRLTSFTHLFSPPSSAVIARRSPAILRRRHH,3.0,0.0,0.0,0.0,2.0,0.0,3.0,2.0,0.0,5.0,1.0,0.0,3.0,0.0,6.0,6.0,2.0,1.0,0.0,0.0
310,MATLLRKLCESATMKRSGSHSHPHPLPSSEQARP,3.0,1.0,0.0,2.0,0.0,1.0,3.0,0.0,2.0,4.0,2.0,0.0,4.0,1.0,3.0,6.0,2.0,0.0,0.0,0.0
311,MKFTVSNLPSSMFLLVFFIALVSHTHGSKIDHHR,1.0,0.0,1.0,0.0,4.0,1.0,4.0,2.0,2.0,4.0,2.0,1.0,1.0,0.0,1.0,5.0,2.0,3.0,0.0,0.0
312,MSTEAPKRDQWQWENATAGAAAGFATVAVMHPLD,8.0,0.0,2.0,2.0,1.0,2.0,1.0,0.0,1.0,1.0,2.0,1.0,2.0,2.0,1.0,1.0,3.0,2.0,2.0,0.0
313,MKQKVVLKVDLHDDRMKKKAMKIASGVTGVELVS,2.0,0.0,3.0,1.0,0.0,2.0,1.0,1.0,7.0,3.0,3.0,0.0,0.0,1.0,1.0,2.0,1.0,6.0,0.0,0.0
314,MKKVVLKVDLHDDRMKKKAMKIASGVTGVELVSV,2.0,0.0,3.0,1.0,0.0,2.0,1.0,1.0,7.0,3.0,3.0,0.0,0.0,0.0,1.0,2.0,1.0,7.0,0.0,0.0
315,MEPESGTSTSRNPSQLSWVNLSRNLLLAYQSFGV,1.0,0.0,0.0,2.0,1.0,2.0,0.0,0.0,0.0,5.0,1.0,3.0,2.0,2.0,2.0,7.0,2.0,2.0,1.0,1.0
316,MVIGDGVLTPAISVLASVSGLKVTEKKLTDGELV,2.0,0.0,2.0,2.0,0.0,4.0,0.0,2.0,3.0,5.0,1.0,0.0,1.0,0.0,0.0,3.0,3.0,6.0,0.0,0.0
317,MNPKCHQADSDIVHKGLAQYPFQRTKLQQICVGF,2.0,2.0,2.0,0.0,2.0,2.0,2.0,2.0,3.0,2.0,1.0,1.0,2.0,5.0,1.0,1.0,1.0,2.0,0.0,1.0
318,MWCFLLCSHLLILYFLPSHSLCHPHDSFALLHFK,1.0,3.0,1.0,0.0,4.0,0.0,5.0,1.0,1.0,9.0,1.0,0.0,2.0,0.0,0.0,4.0,0.0,0.0,1.0,1.0
319,MSVSERVVHLAFLPSAGIGHLNPCLRIAALFLRY,4.0,1.0,0.0,1.0,2.0,2.0,2.0,2.0,0.0,6.0,1.0,1.0,2.0,0.0,3.0,3.0,0.0,3.0,0.0,1.0
320,MSCFTSEKSTMSSQLQMVPLSKLRYQRLRHEKGW,0.0,1.0,0.0,2.0,1.0,1.0,1.0,0.0,3.0,4.0,3.0,0.0,1.0,3.0,3.0,6.0,2.0,1.0,1.0,1.0
321,MSRKENLISELHPRKGTWKIAVRITDMWDVKKHN,1.0,0.0,2.0,2.0,0.0,1.0,2.0,3.0,5.0,2.0,2.0,2.0,1.0,0.0,3.0,2.0,2.0,2.0,2.0,0.0
322,MLLYTRQFMLVVPGYSSFEIQILGKFIASGCYFY,1.0,1.0,0.0,1.0,4.0,3.0,0.0,3.0,1.0,4.0,2.0,0.0,1.0,2.0,1.0,3.0,1.0,2.0,0.0,4.0
323,MPRISFDLSHINRFNTTMSFSFSLSRRLSSSLSL,0.0,0.0,1.0,0.0,4.0,0.0,1.0,2.0,0.0,5.0,2.0,2.0,1.0,0.0,4.0,10.0,2.0,0.0,0.0,0.0
324,MLLLRHIPPIIEFGKILGSLVKMKHYPTVISLSK,0.0,0.0,0.0,1.0,1.0,2.0,2.0,5.0,4.0,6.0,2.0,0.0,3.0,0.0,1.0,3.0,1.0,2.0,0.0,1.0
325,MANNVVVVLKVAPVSLPPFPITNNALTFKSQRHT,3.0,0.0,0.0,0.0,2.0,0.0,1.0,1.0,2.0,3.0,1.0,4.0,4.0,1.0,1.0,2.0,3.0,6.0,0.0,0.0
326,MGNCLRKAHADDDSDHIVELASGNVQLITTKESW,3.0,1.0,4.0,2.0,0.0,2.0,2.0,2.0,2.0,3.0,1.0,2.0,0.0,1.0,1.0,3.0,2.0,2.0,1.0,0.0
327,MGGGKDKHHDESDKGIFSHLAHGVAGAAHGGHGY,4.0,0.0,3.0,1.0,1.0,9.0,6.0,1.0,3.0,1.0,1.0,0.0,0.0,0.0,0.0,2.0,0.0,1.0,0.0,1.0
328,MKQEEWMITTALLSLLFVSSFPPLSYGVVPPRTL,1.0,0.0,0.0,2.0,2.0,1.0,0.0,1.0,1.0,6.0,2.0,0.0,4.0,1.0,1.0,4.0,3.0,3.0,1.0,1.0
329,MSWINLKGALPLSTKHLFMQYSFLQDASSRNRRW,2.0,0.0,1.0,0.0,2.0,1.0,1.0,1.0,2.0,5.0,2.0,2.0,1.0,2.0,3.0,5.0,1.0,0.0,2.0,1.0
330,MESQTQSELPVVDFTNKNLKPGTDAWVSASQVVR,2.0,0.0,2.0,2.0,1.0,1.0,0.0,0.0,2.0,2.0,1.0,2.0,2.0,3.0,1.0,4.0,3.0,5.0,1.0,0.0
331,MDRREKSLEGGDKRGCGLMVEKLREGVSVGKKGG,0.0,1.0,2.0,4.0,0.0,8.0,0.0,0.0,5.0,3.0,2.0,0.0,0.0,0.0,4.0,2.0,0.0,3.0,0.0,0.0
332,MRQHKQVSSINRRPTVLYLVCVAALFSLLLFYTQ,2.0,1.0,0.0,0.0,2.0,0.0,1.0,1.0,1.0,6.0,1.0,1.0,1.0,3.0,3.0,3.0,2.0,4.0,0.0,2.0
333,MLVGFLNVDVTNFMIVIGLSFFRFQVGVRVDNFS,0.0,0.0,2.0,0.0,6.0,3.0,0.0,2.0,0.0,3.0,2.0,3.0,0.0,1.0,2.0,2.0,1.0,7.0,0.0,0.0
334,MKVAHVLHMNGGVGHASYANNSLVQQKVICLTKP,3.0,1.0,0.0,0.0,0.0,3.0,3.0,1.0,3.0,3.0,2.0,3.0,1.0,2.0,0.0,2.0,1.0,5.0,0.0,1.0
335,MMFLIMIMYCSLCLMMKSTTSLEEFWMMSLFLIS,0.0,2.0,0.0,2.0,3.0,0.0,0.0,3.0,1.0,6.0,8.0,0.0,0.0,0.0,0.0,5.0,2.0,0.0,1.0,1.0
336,MLQDMWNAPPGFRPSKSAPSSPAKPLGMVPRTRS,3.0,0.0,1.0,0.0,1.0,2.0,0.0,0.0,2.0,2.0,3.0,1.0,7.0,1.0,3.0,5.0,1.0,1.0,1.0,0.0
337,MDEDQEMERFGMENDYEGGQWIGGEFYYKNRKEK,0.0,0.0,3.0,7.0,2.0,5.0,0.0,1.0,3.0,0.0,3.0,2.0,0.0,2.0,2.0,0.0,0.0,0.0,1.0,3.0
338,MADPTAIYEFFKQQPSNGGGKRAPPPSSAGGTTR,4.0,0.0,1.0,1.0,2.0,5.0,0.0,1.0,2.0,0.0,1.0,1.0,5.0,2.0,2.0,3.0,3.0,0.0,0.0,1.0
339,MDFTAEKKESESNTENAHPTTLDSSSQLASALDS,4.0,0.0,3.0,4.0,1.0,0.0,1.0,0.0,2.0,3.0,1.0,2.0,1.0,1.0,0.0,7.0,4.0,0.0,0.0,0.0
340,MGIIEKIKEIEAEMARTQKNKATEYHLGQLKAKI,4.0,0.0,0.0,5.0,0.0,2.0,1.0,5.0,6.0,2.0,2.0,1.0,0.0,2.0,1.0,0.0,2.0,0.0,0.0,1.0
341,MVDTLEEKVTPDMKKDPIVVVVGTDAQPGNDLAE,2.0,0.0,5.0,3.0,0.0,2.0,0.0,1.0,3.0,2.0,2.0,1.0,3.0,1.0,0.0,0.0,3.0,6.0,0.0,0.0
342,MEQQSVLTLFFFRWFSIVGTVMANGSSDEDTDIS,1.0,0.0,3.0,2.0,4.0,2.0,0.0,2.0,0.0,2.0,2.0,1.0,0.0,2.0,1.0,5.0,3.0,3.0,1.0,0.0
343,MANGSSDEDTDISESEISEYEDKSYEELNNGSQN,1.0,0.0,4.0,7.0,0.0,2.0,0.0,2.0,1.0,1.0,1.0,4.0,0.0,1.0,0.0,7.0,1.0,0.0,0.0,2.0
344,MMHFFTIGYTQLPSTFCSLKSIFFFASTCSSANS,2.0,2.0,0.0,0.0,6.0,1.0,1.0,2.0,1.0,2.0,2.0,1.0,1.0,1.0,0.0,7.0,4.0,0.0,0.0,1.0
345,MIPQAKQNRPRTPPRRRFTPPWMPPHQRLTPSWM,1.0,0.0,0.0,0.0,1.0,0.0,1.0,1.0,1.0,1.0,3.0,1.0,9.0,3.0,6.0,1.0,3.0,0.0,2.0,0.0
346,MDELNCAMTTTTTENSNAELVQWERFLPRMVLRV,2.0,1.0,1.0,4.0,1.0,0.0,0.0,0.0,0.0,4.0,3.0,3.0,1.0,1.0,3.0,1.0,5.0,3.0,1.0,0.0
347,MIQFRIDIIVFMVYYLMVFSLLNVVIAVPDGLKA,2.0,0.0,2.0,0.0,3.0,1.0,0.0,5.0,1.0,4.0,3.0,1.0,1.0,1.0,1.0,1.0,0.0,6.0,0.0,2.0
348,MEVEARRIRRFVPQRPSHRTILPLHASSSSHNVS,2.0,0.0,0.0,2.0,1.0,0.0,3.0,2.0,0.0,2.0,1.0,1.0,3.0,1.0,6.0,6.0,1.0,3.0,0.0,0.0
349,MVTTGWYKKMGERIWAPWFIKFIQSRGYFNIYTN,1.0,0.0,0.0,1.0,3.0,3.0,0.0,4.0,3.0,0.0,2.0,2.0,1.0,1.0,2.0,1.0,3.0,1.0,3.0,3.0
350,MTVSASFSYDVFLSFRGSDTRYGFTGNLYNALSD,2.0,0.0,3.0,0.0,4.0,3.0,0.0,0.0,0.0,3.0,1.0,2.0,0.0,0.0,2.0,6.0,3.0,2.0,0.0,3.0
351,MAILVFSKNYASSSFCLDELVKIMECVKAKGRLI,3.0,2.0,1.0,2.0,2.0,1.0,0.0,3.0,4.0,4.0,2.0,1.0,0.0,0.0,1.0,4.0,0.0,3.0,0.0,1.0
352,MFLALLLSTSFSYDVFLSFRGSDTRYGFTGNLYN,1.0,0.0,2.0,0.0,5.0,3.0,0.0,0.0,0.0,6.0,1.0,2.0,0.0,0.0,2.0,5.0,3.0,1.0,0.0,3.0
353,MVEISSIVMCIHLTLCETLTNFKNLQNGNMFPPS,0.0,2.0,0.0,2.0,2.0,1.0,1.0,3.0,1.0,4.0,3.0,4.0,2.0,1.0,0.0,3.0,3.0,2.0,0.0,0.0
354,MENLILFYLHLQILFLHPCHQYFVPTTRSACILA,2.0,2.0,0.0,1.0,3.0,0.0,3.0,3.0,0.0,7.0,1.0,1.0,2.0,2.0,1.0,1.0,2.0,1.0,0.0,2.0
355,MGSKNANGKNHKDKRKKFKDNLNSNHSSTGDAKV,2.0,0.0,3.0,0.0,1.0,3.0,2.0,0.0,8.0,1.0,1.0,6.0,0.0,0.0,1.0,4.0,1.0,1.0,0.0,0.0
356,MRSFSSSSLFLLFFFFFSSSLSNPHNTPLTLKGV,0.0,0.0,0.0,0.0,7.0,1.0,1.0,0.0,1.0,6.0,1.0,2.0,2.0,0.0,1.0,9.0,2.0,1.0,0.0,0.0
357,MMMKNKVLILFFSALLSSTSYASNVNDFCVADLK,3.0,1.0,2.0,0.0,3.0,0.0,0.0,1.0,3.0,5.0,3.0,3.0,0.0,0.0,0.0,5.0,1.0,3.0,0.0,1.0
358,MMKNKVLILFFSALLSSTSYASNVNDFCVADLKG,3.0,1.0,2.0,0.0,3.0,1.0,0.0,1.0,3.0,5.0,2.0,3.0,0.0,0.0,0.0,5.0,1.0,3.0,0.0,1.0
359,MPGPAGQKSLSLTGSQPDATASGATTPGGSSSQG,4.0,0.0,1.0,0.0,0.0,7.0,0.0,0.0,1.0,2.0,1.0,0.0,4.0,3.0,0.0,7.0,4.0,0.0,0.0,0.0
360,MTRLEDNIKFSLFYVMEITRIGQWLSLLICVLLL,0.0,1.0,1.0,2.0,2.0,1.0,0.0,4.0,1.0,8.0,2.0,1.0,0.0,1.0,2.0,2.0,2.0,2.0,1.0,1.0
361,MLNFIVFYLLDTCRMEITRIGQWLSLLICVLLLL,0.0,2.0,1.0,1.0,2.0,1.0,0.0,4.0,0.0,10.0,2.0,1.0,0.0,1.0,2.0,1.0,2.0,2.0,1.0,1.0
362,MEITRIGQWLSLLICVLLLLQTEGVPVGITFVEN,0.0,1.0,0.0,3.0,1.0,3.0,0.0,4.0,0.0,7.0,1.0,1.0,1.0,2.0,1.0,1.0,3.0,4.0,1.0,0.0
363,MAEPSKVIHVRNVGHEISENDLLQLFQPFGVITK,1.0,0.0,1.0,3.0,2.0,2.0,2.0,3.0,2.0,3.0,1.0,2.0,2.0,2.0,1.0,2.0,1.0,4.0,0.0,0.0
364,MKNMFLILFFSALLISSTSNASNVNDFCVADLKG,3.0,1.0,2.0,0.0,4.0,1.0,0.0,2.0,2.0,5.0,2.0,4.0,0.0,0.0,0.0,5.0,1.0,2.0,0.0,0.0
365,MGFNLQPYGIQSMLKEGHKHLSGLDEAVLKNIDA,2.0,0.0,2.0,2.0,1.0,4.0,2.0,2.0,3.0,5.0,2.0,2.0,1.0,2.0,0.0,2.0,0.0,1.0,0.0,1.0
366,MSDERSKPWNIYPSSNTGPSQTGTGVDEEAPWKS,1.0,0.0,2.0,3.0,0.0,3.0,0.0,1.0,2.0,0.0,1.0,2.0,4.0,1.0,1.0,6.0,3.0,1.0,2.0,1.0
367,MLPCDYCHSKPAILFCRPDSAKLCLLCDQHVHAA,4.0,5.0,3.0,0.0,1.0,0.0,3.0,1.0,2.0,5.0,1.0,0.0,3.0,1.0,1.0,2.0,0.0,1.0,0.0,1.0
368,MNGYSRISGDDDSSSRRSMDHEGERFGVILGRSA,1.0,0.0,4.0,2.0,1.0,5.0,1.0,2.0,0.0,1.0,2.0,1.0,0.0,0.0,5.0,7.0,0.0,1.0,0.0,1.0
369,MAATGARLFSAALFRRYPPSPDGKTNSRRTPIAT,6.0,0.0,1.0,0.0,2.0,2.0,0.0,1.0,1.0,2.0,1.0,1.0,4.0,0.0,5.0,3.0,4.0,0.0,0.0,1.0
370,MVNISFLRNVRWRIQICCLSSSSCFFFLKLLGID,0.0,3.0,1.0,0.0,4.0,1.0,0.0,4.0,1.0,5.0,1.0,2.0,0.0,1.0,3.0,5.0,0.0,2.0,1.0,0.0
371,MANSRSWTQTWPCFVKLGVLNLVLVFKITALGDV,2.0,1.0,1.0,0.0,2.0,2.0,0.0,1.0,2.0,5.0,1.0,2.0,1.0,1.0,1.0,2.0,3.0,5.0,2.0,0.0
372,MIMNSPTPKGKANEIEEDQEEKAMPIWDCGSPLY,2.0,1.0,2.0,5.0,0.0,2.0,0.0,3.0,3.0,1.0,3.0,2.0,4.0,1.0,0.0,2.0,1.0,0.0,1.0,1.0
373,MATHICLSLCFLYITTLNLVSTLAQSDNYIIHMD,2.0,2.0,2.0,0.0,1.0,0.0,2.0,4.0,0.0,6.0,2.0,2.0,0.0,1.0,0.0,3.0,4.0,1.0,0.0,2.0
374,MKIFNWVHKRFHHHNTLKDGFATNMKKTEPTINN,1.0,0.0,1.0,1.0,3.0,1.0,4.0,2.0,5.0,1.0,2.0,5.0,1.0,0.0,1.0,0.0,4.0,1.0,1.0,0.0
375,MDPKGSKQQPQQSQEVVPNFLSLPQQQQGNTNNN,0.0,0.0,1.0,1.0,1.0,2.0,0.0,0.0,2.0,2.0,1.0,5.0,4.0,9.0,0.0,3.0,1.0,2.0,0.0,0.0
376,MAFLEFFLISLGASQGLRFSLLSQIVSLVNCLHH,2.0,1.0,0.0,1.0,4.0,2.0,2.0,2.0,0.0,8.0,1.0,1.0,0.0,2.0,1.0,5.0,0.0,2.0,0.0,0.0
377,MFSGASSSKSAQSTTPYGTSPFTVSIRKPIAPLN,3.0,0.0,0.0,0.0,2.0,2.0,0.0,2.0,2.0,1.0,1.0,1.0,4.0,1.0,1.0,8.0,4.0,1.0,0.0,1.0
378,MIKLVLFLFCFASALTLSVSESKSASVHPHAAES,5.0,1.0,0.0,2.0,3.0,0.0,2.0,1.0,2.0,5.0,1.0,0.0,1.0,0.0,0.0,7.0,1.0,3.0,0.0,0.0
379,MPTINPVRFKFMQAIITFMMMMLQVVVSAQDHIM,2.0,0.0,1.0,0.0,3.0,0.0,1.0,4.0,1.0,1.0,7.0,1.0,2.0,3.0,1.0,1.0,2.0,4.0,0.0,0.0
380,MKNLCEKDSGPTHLTYYALGRTSWGTSSESDVQQ,1.0,1.0,2.0,2.0,0.0,3.0,1.0,0.0,2.0,3.0,1.0,1.0,1.0,2.0,1.0,5.0,4.0,1.0,1.0,2.0
381,MIMNRKMKSTVGVCLLFLVLLEAMCCEGCWKEER,1.0,4.0,0.0,4.0,1.0,2.0,0.0,1.0,3.0,5.0,4.0,1.0,0.0,0.0,2.0,1.0,1.0,3.0,1.0,0.0
382,MPTGTNVRIAFSNDAARRAASRKRRMGILKKMEE,5.0,0.0,1.0,2.0,1.0,2.0,0.0,2.0,3.0,1.0,3.0,2.0,1.0,0.0,6.0,2.0,2.0,1.0,0.0,0.0
383,MGFLVTTLIFVVIGIIACLCTRICCNRGPSTNLF,1.0,4.0,0.0,0.0,3.0,3.0,0.0,5.0,0.0,4.0,1.0,2.0,1.0,0.0,2.0,1.0,4.0,3.0,0.0,0.0
384,MRAENLLQLQHRTQKCTLGCPVLDRCLAGGVPCA,3.0,4.0,1.0,1.0,0.0,3.0,1.0,0.0,1.0,6.0,1.0,1.0,2.0,3.0,3.0,0.0,2.0,2.0,0.0,0.0
385,MVQIARRKKGRPSKADLARRSGESQSDPRRSLRR,3.0,0.0,2.0,1.0,0.0,2.0,0.0,1.0,3.0,2.0,1.0,0.0,2.0,2.0,9.0,5.0,0.0,1.0,0.0,0.0
386,MDDGRKDTYGVFADPVDLEELPDYLDVIEHPMDF,1.0,0.0,8.0,3.0,2.0,2.0,1.0,1.0,1.0,3.0,2.0,0.0,3.0,0.0,1.0,0.0,1.0,3.0,0.0,2.0
387,MDFATVRKKLGNGSYTTLEQFESDVFLICSNAMQ,2.0,1.0,2.0,2.0,3.0,2.0,0.0,1.0,2.0,3.0,2.0,2.0,0.0,2.0,1.0,3.0,3.0,2.0,0.0,1.0
388,MQYNAPETIYHKQARSIQELGRKKFEKLRIGFER,2.0,0.0,0.0,4.0,2.0,2.0,1.0,3.0,4.0,2.0,1.0,1.0,1.0,3.0,4.0,1.0,1.0,0.0,0.0,2.0
389,MKQVVGMVVSNKMQKSVVVAVDRLFYHKLYDRYV,1.0,0.0,2.0,0.0,1.0,1.0,1.0,0.0,4.0,2.0,3.0,1.0,0.0,2.0,2.0,2.0,0.0,9.0,0.0,3.0
390,MVLRFRTLKTQSLSKKQQCLSLLNSCRSMDQLRQ,0.0,2.0,1.0,0.0,1.0,0.0,0.0,0.0,3.0,7.0,2.0,1.0,0.0,5.0,4.0,5.0,2.0,1.0,0.0,0.0
391,MTNKEYGDNNKISVCETSMLLVANIIRLSSLRFS,1.0,1.0,1.0,2.0,1.0,1.0,0.0,3.0,2.0,4.0,2.0,4.0,0.0,0.0,2.0,5.0,2.0,2.0,0.0,1.0
392,MHKYFTFKTNVVDSSTSISRRGIAEVLMKLLGMA,2.0,0.0,1.0,1.0,2.0,2.0,1.0,2.0,3.0,3.0,3.0,1.0,0.0,0.0,2.0,4.0,3.0,3.0,0.0,1.0
393,MHKYFTFKTNVVDRRGIAEVLMKLLGMAILFHLL,2.0,0.0,1.0,1.0,3.0,2.0,2.0,2.0,3.0,6.0,3.0,1.0,0.0,0.0,2.0,0.0,2.0,3.0,0.0,1.0
394,MKLLGMAILFHLLGNPRTAPKYISMIFGCMLRKS,2.0,1.0,0.0,0.0,2.0,3.0,1.0,3.0,3.0,6.0,4.0,1.0,2.0,0.0,2.0,2.0,1.0,0.0,0.0,1.0
395,MSGTEKAGSGTTKTPADFLKSIRGRPVVVKLNSG,2.0,0.0,1.0,1.0,1.0,5.0,0.0,1.0,4.0,2.0,1.0,1.0,2.0,0.0,2.0,4.0,4.0,3.0,0.0,0.0
396,MNCIEISCICRKRQKYFVRMNRKFGGGKQPTGTP,0.0,3.0,0.0,1.0,2.0,4.0,0.0,3.0,4.0,0.0,2.0,2.0,2.0,2.0,4.0,1.0,2.0,1.0,0.0,1.0
397,MLPLEHHFHYLPPLTHTKLKPFSRANSRVSLPHI,1.0,0.0,0.0,1.0,2.0,0.0,5.0,1.0,2.0,6.0,1.0,1.0,5.0,0.0,2.0,3.0,2.0,1.0,0.0,1.0
398,MMAADQQRIHPVHDVEAPHRPLVPENYAKSDKGI,4.0,0.0,3.0,2.0,0.0,1.0,3.0,2.0,2.0,1.0,2.0,1.0,4.0,2.0,2.0,1.0,0.0,3.0,0.0,1.0
399,MSFVFRGTRADIENGFPGFIPERRALRVHATRPS,3.0,0.0,1.0,2.0,4.0,3.0,1.0,2.0,0.0,1.0,1.0,1.0,3.0,0.0,6.0,2.0,2.0,2.0,0.0,0.0
400,MFIENFKVESPNVKYTETEIQSVYNYETTELVHE,0.0,0.0,0.0,7.0,2.0,0.0,1.0,2.0,2.0,1.0,1.0,3.0,1.0,1.0,0.0,2.0,4.0,4.0,0.0,3.0
401,MTRRKTKLTFIANDTERKTSYKKRKKSLLKKTEE,1.0,0.0,1.0,3.0,1.0,0.0,0.0,1.0,9.0,3.0,1.0,1.0,0.0,0.0,4.0,2.0,6.0,0.0,0.0,1.0
402,MNSGTIDFVEENGNGSDSDANSDDAPEYYQPISA,3.0,0.0,5.0,3.0,1.0,3.0,0.0,2.0,0.0,0.0,1.0,4.0,2.0,1.0,0.0,5.0,1.0,1.0,0.0,2.0
403,MGCRNRDSITENHTSSSSSSSDSLSEALLFTTMC,1.0,2.0,2.0,2.0,1.0,1.0,1.0,1.0,0.0,3.0,2.0,2.0,0.0,0.0,2.0,10.0,4.0,0.0,0.0,0.0
404,MTKKGKGNNNVGNEGFVDTLVILSSDLVQVVAKG,1.0,0.0,2.0,1.0,1.0,5.0,0.0,1.0,4.0,3.0,1.0,4.0,0.0,1.0,0.0,2.0,2.0,6.0,0.0,0.0
405,MASEEVLKAVFPFLDGVDLASCMAVDKQWKDIAS,5.0,1.0,4.0,2.0,2.0,1.0,0.0,1.0,3.0,3.0,2.0,0.0,1.0,1.0,0.0,3.0,0.0,4.0,1.0,0.0
406,MTKLKELIGIMKDKASQGKAAILSKRATLSLLRA,5.0,0.0,1.0,1.0,0.0,2.0,0.0,3.0,6.0,6.0,2.0,0.0,0.0,1.0,2.0,3.0,2.0,0.0,0.0,0.0
407,MGVDYYKLLQVDRNASDEDLKKAYRKLAMKWHPD,3.0,0.0,5.0,1.0,0.0,1.0,1.0,0.0,5.0,4.0,2.0,1.0,1.0,1.0,2.0,1.0,0.0,2.0,1.0,3.0
