,String,e211,e212,e213,e214,e215,e216,e221,e222,e223,e224,e225,e226,e231,e232,e233,e234,e235,e236,e241,e242,e243,e244,e245,e246,e251,e252,e253,e254,e255,e256,e261,e262,e263,e264,e265,e266
0,MGTLRSFDQFANAVLEGACERVIVGDLYCDIPLG,0,0,0,1,1,0,1,1,0,2,2,1,0,2,0,0,0,0,0,2,1,2,3,1,1,1,0,4,3,1,0,1,1,1,0,0
1,MQMSFRSIVRDVRDGFGSLSRRSFDVRLSGGGKS,1,2,0,3,1,0,0,0,0,1,3,0,0,0,0,0,0,0,2,0,0,4,2,3,3,1,0,3,1,0,1,1,0,1,0,0
2,MSFRSIVRDVRDGFGSLSRRSFDVRLSGGGKSNS,1,2,0,3,1,0,0,0,0,2,2,0,0,0,0,0,0,0,2,1,0,4,2,3,3,0,0,3,1,0,1,1,0,1,0,0
3,MVKRQRTAFPPNFVHSLDGSHMMMTAVACKKAGL,2,1,0,3,1,0,1,0,0,1,0,1,1,0,0,0,0,0,1,1,1,5,3,1,2,1,0,2,3,0,0,0,0,1,1,0
4,MKSRSGSAHKMLLEFIAGILTTMVGALLYCLFRR,2,0,0,2,1,0,0,0,0,0,0,1,0,0,0,0,1,0,2,0,0,6,3,0,1,1,0,3,5,2,1,0,1,0,1,0
5,METSEWHIERRSSFGSESPLAREAGNVPETGSLS,1,1,0,1,1,0,1,0,0,4,1,1,0,0,0,0,0,0,1,4,0,7,2,1,0,2,0,3,0,0,1,0,0,1,0,0
6,MSSSFNMSSSSSLVFLDLSSNLLISSTIFYWLFN,0,0,0,0,0,0,0,0,0,0,3,0,0,0,0,0,0,0,0,1,0,9,2,1,0,1,0,4,3,3,0,2,0,0,2,2
7,MEKMNKAFEKVKIMVGMDAEDEDQQAAALNSSNS,0,0,0,1,3,0,3,5,0,4,0,0,0,0,0,0,0,0,0,2,0,3,2,1,1,4,0,1,2,0,0,1,0,0,0,0
8,MYYSSKQRIITWLILIMIVLYILYSSNFLLLTKV,0,1,0,0,2,0,1,0,0,0,0,1,0,0,0,0,0,0,2,1,0,2,0,1,0,0,0,2,11,3,0,0,0,2,3,1
9,MNSSIYILVFVQLWLLSLPCRESVCIPSERETLL,0,2,0,0,0,0,1,0,0,3,1,0,1,0,0,0,1,0,0,1,1,2,4,0,0,2,1,3,4,3,0,0,0,0,3,0
10,MERLFWMVYFFKASMFANATCAMEDATVHSSYQI,0,0,0,2,1,0,1,1,0,2,1,0,0,0,0,1,0,0,0,1,1,4,3,1,1,2,0,0,1,3,1,1,0,1,1,3
11,MQEMKEKELKYLGNGNANSHVCKVCFESPTTAIM,0,2,0,0,2,1,1,1,0,4,2,0,1,0,0,0,0,1,1,3,0,4,1,0,2,1,2,1,1,0,0,1,0,0,1,0
12,MSSVPARTGRQRQRYEDNLRLVSGCIPYRWTKDN,0,3,0,1,1,2,2,3,0,0,1,0,0,0,0,0,1,0,3,0,1,4,1,1,1,0,0,4,1,0,1,1,0,1,0,0
13,MEVLPCSGVQYAGGSDCSQSSSGTMFVNQGESGG,0,0,0,0,0,0,0,1,1,3,1,1,0,0,0,2,0,0,0,3,1,10,2,0,0,3,0,1,1,1,0,0,0,1,1,0
14,MEKLASSSTATVVPTQHFLFQFHQHSLFFFPKTA,0,1,0,2,1,1,3,0,0,0,0,1,0,0,0,0,0,0,1,1,0,8,2,0,0,1,0,2,1,2,1,1,0,1,1,2
15,MVKYSREPDNPTKSCKARGADLRVHFKNTRETAF,0,3,0,3,1,2,0,1,0,4,1,0,1,0,0,0,0,0,4,2,1,3,0,1,3,0,0,0,1,0,1,0,0,1,0,0
16,MQIFRTSVTTTIVMKLMITRELDTTTLNPIRVMQ,0,1,0,1,2,0,0,0,0,2,2,0,0,0,0,0,0,0,1,0,0,5,4,0,2,4,0,2,5,1,1,0,0,0,0,0
17,MSFDHTKLFTSHTIHTVNYHETNQQKTKELDLRA,0,2,0,5,1,0,2,2,0,1,2,1,0,0,0,0,0,0,3,1,0,1,2,1,2,2,0,1,0,1,1,1,0,1,0,0
18,MRLRLFVSCPRVHSWELWLGRWIHAYMRKCGVEV,1,0,1,2,3,1,0,0,0,0,2,0,0,0,0,2,0,0,2,0,1,0,1,2,5,1,0,2,0,2,0,1,0,0,4,0
19,MSPSRFRYCAQIPVKCPVSEIIKSRRVQGRECYE,1,1,1,1,1,2,0,0,1,1,2,0,0,0,0,2,0,1,3,2,0,2,2,0,2,1,0,3,1,0,1,1,1,0,0,0
20,MPSFSSLRTFRVSVFSHFLLSYPPIATATLHYQS,0,0,0,1,1,2,0,0,0,1,0,0,0,0,0,0,0,0,1,0,0,6,4,3,2,0,0,4,1,1,1,1,0,3,1,0
21,MSQQRQTQMVGGNNPDQYNDTTFTKIFVGGLAWE,0,1,0,0,1,0,1,4,0,3,1,1,0,0,0,0,0,0,1,4,0,3,1,2,0,0,0,4,1,1,0,2,0,1,1,0
22,MGLHARRYDSATGTVPPLSPTIFIPPPQLLHHHD,3,1,0,1,0,1,0,0,0,1,1,0,0,0,0,0,0,0,1,1,0,9,4,0,2,0,0,4,1,1,0,1,0,0,1,0
23,MLRSSLSRRIMVSAPASPVTERSPRSQAVPRRTV,2,0,0,4,1,0,1,0,0,1,0,0,0,0,0,0,0,0,3,2,0,7,4,0,1,0,0,4,3,0,0,0,0,0,0,0
24,MAAKTRSLASIYDVFLSFRGLDTRHGFTGNLYKA,1,0,0,5,0,0,0,0,0,1,2,0,0,0,0,0,0,0,3,1,0,3,3,2,0,1,0,3,0,3,2,1,0,1,1,0
25,MKLLDVGSDDLVHIIGIHGMGGLGKTTLALEVYN,0,0,0,2,2,0,0,1,0,0,3,0,0,0,0,0,0,0,1,1,0,3,5,0,3,2,0,5,3,1,0,1,0,0,0,0
26,MAGRGSLAGLLPFSDANAVVLDMANEVLPVVKKV,1,0,0,1,1,0,0,1,0,2,2,0,0,0,0,0,0,0,1,3,0,3,4,1,1,1,0,5,5,0,0,0,0,1,0,0
27,MEMQDQIESTRSTIFGSASNIHSNGEKQSENVAH,0,1,0,2,0,0,1,3,0,3,4,0,0,0,0,0,0,0,2,4,0,5,1,0,1,3,0,1,0,1,0,0,0,1,0,0
28,MTDKNKSSPTRSTVVSPTSPQSSCGSNDINQDGN,0,1,0,2,0,0,2,3,0,2,1,0,0,0,0,1,0,0,1,4,1,10,1,0,0,1,0,2,1,0,0,0,0,0,0,0
29,MYNTIINSLCKNKLLGDACDVYSEMIVKGISPDV,0,1,0,1,1,0,1,0,0,3,3,0,1,1,0,0,0,0,0,3,1,1,3,0,1,1,1,2,4,2,0,1,0,1,0,0
30,MDGNGTLFGTLTGNTREVLHKFTVDLPKKHGRGG,3,1,0,2,0,1,0,0,0,3,2,0,0,0,0,0,0,0,3,2,0,4,3,0,1,2,0,2,1,1,0,0,0,2,0,0
31,MAAAAAVTVLLPPRIPTATNVTRCSALPSLPPRG,0,0,1,1,1,0,0,0,0,0,1,0,0,0,0,1,0,0,3,1,0,11,4,0,0,0,0,7,2,0,0,0,0,0,0,0
32,MRTAALPTFKKLYGKIETGNIEVNDEVMLVIENN,1,0,0,1,2,0,0,4,0,1,3,0,0,0,0,0,0,0,1,1,0,4,1,1,1,4,0,1,4,1,1,0,0,1,0,0
33,MSCYSLKLFYALLLLLLHAAGSILGFNSLPNSAE,0,0,0,1,1,0,0,0,0,2,0,0,0,0,0,0,0,1,0,2,1,4,4,1,2,0,0,3,6,1,0,1,0,2,0,1
34,MMEDFWSMFCGDRDCPGTRGKTFCHDLKFLKDPS,0,3,0,2,0,1,1,1,1,1,1,1,1,0,0,2,0,0,2,1,0,3,1,1,2,1,0,0,1,1,0,0,2,1,1,1
35,MVLSWLKWFLSRMSFWWLNPLMKRGQEKTLQDED,1,0,0,2,1,1,1,4,0,1,0,0,0,0,0,0,0,0,1,1,0,0,2,2,2,2,0,3,3,0,0,0,0,0,3,3
36,MPENCIAPKPEHNNNNTTHPEEGPPEMTETVLPI,0,1,0,2,0,0,1,5,1,3,1,0,0,0,0,0,1,0,2,5,0,4,2,0,0,0,0,4,1,0,0,0,0,0,0,0
37,MAAPPPPPPSTPSFLSPTQRYAAGALFGLALHEA,0,1,0,0,0,1,1,0,0,1,0,0,0,0,0,0,0,0,0,1,0,16,3,1,1,0,0,3,0,1,0,0,0,2,1,0
38,MQAMGMMGSPNLTSQLRANGAMVYAQQLRMSQGQ,0,0,0,1,1,0,0,1,0,3,3,0,0,0,0,0,0,0,0,6,0,4,3,0,2,1,0,4,2,1,0,0,0,1,0,0
39,MGVIDFYNTGALCWVKSNANLKQQVGLAPRPICS,0,1,0,2,0,0,0,1,0,2,2,1,0,0,0,1,0,1,1,2,0,3,4,0,2,1,2,3,1,0,0,1,0,0,1,1
40,MLNFLWRMELIPLHCSMGFNYIQDQKFRFLTVHA,0,0,1,1,1,2,1,2,0,0,1,2,0,0,0,1,0,0,0,0,0,0,3,1,2,3,0,3,2,1,2,1,0,0,3,0
41,MSMAMVHPSVHPIEAPPMTEHAIAIAMPRHTLKD,1,1,0,4,0,0,1,0,0,1,0,0,0,0,0,0,0,0,1,1,0,3,9,0,3,1,0,6,1,0,0,0,0,0,0,0
42,MGVEQDKGVSVKDYLVDKLRPGDEDRALSEVISE,0,1,0,3,1,0,3,4,0,0,1,1,0,0,0,0,0,0,0,3,0,1,4,0,2,2,0,4,2,0,0,0,0,0,1,0
43,MELFTPPCLKLLFHSLVILFLLFNHANTQSQSQL,0,0,0,2,1,0,1,0,0,3,2,0,0,0,0,0,1,0,0,4,1,2,1,0,1,1,0,0,5,4,1,1,0,1,1,0
44,MELDLRSFLHSPTSSDDAPHRTIDDILNDCDTSS,1,0,0,3,0,0,0,3,1,2,3,0,0,1,0,0,0,0,1,1,0,7,1,1,2,4,0,0,1,0,0,0,0,0,1,0
45,MSASTHDQFAATLIFLFFSHFLRGSNSATFSIVN,0,1,0,1,0,1,0,1,0,1,0,1,0,0,0,0,0,0,2,1,0,8,2,1,1,1,0,1,2,2,0,0,0,3,2,1
46,MLDGILGRGFTAKCKSLIKLTNRRIDVIRRKRRA,5,0,1,3,2,0,1,0,0,1,1,0,1,0,0,0,0,0,2,1,0,1,2,1,2,2,0,2,4,0,0,0,0,1,0,0
47,MTLFVASLSSFSLLCALKLLRCCYHDPLLLLFPL,0,1,1,0,1,0,0,0,0,1,0,0,0,0,1,1,0,1,0,0,0,2,6,1,2,0,1,3,5,2,1,0,0,2,1,0
48,MFGRAYAAIKQTEMAENAIHVVMLPWSAFGHLIP,0,1,0,1,2,0,0,1,0,2,1,0,0,0,0,0,0,0,2,2,0,2,2,3,2,0,0,3,4,1,0,0,0,4,0,0
49,MPFLSLTMMSNIAFRLTLVFLLFSAVLSTPPEDP,0,0,0,0,1,0,0,1,0,1,1,0,0,0,0,0,0,0,0,2,0,4,4,2,0,0,0,7,4,2,1,0,0,1,2,0
50,MAQNGSGDRVVVDNGFESIDDAYDHEHKLSQKGS,1,1,0,1,2,0,4,3,0,4,0,0,0,0,0,0,0,0,0,3,0,3,1,2,0,2,0,2,2,0,0,2,0,0,0,0
51,MSEEIAKQSSDPSHFKDPKLGWIIGFLFVVSFLG,0,2,0,0,1,1,0,1,0,3,1,0,0,0,0,0,0,0,3,2,0,2,0,3,0,0,0,6,2,1,1,0,0,0,4,0
52,MSSTQSKPSSVNARGMALPSEPHRRRRHNHNHIS,5,2,0,2,1,0,2,0,0,3,0,0,0,0,0,0,0,0,3,2,0,5,3,0,0,1,0,4,0,0,0,0,0,0,0,0
53,MAYRYHLVDFSQPYVESGLDMVVREQSTKSKETW,0,2,0,1,1,1,0,1,0,4,1,1,0,0,0,0,0,0,2,1,0,2,1,3,1,3,0,1,3,0,2,0,0,1,1,0
54,MEVLNPIEGKTYKLPVGYRFDPSDEILAGYYLRK,1,0,0,1,1,1,0,1,0,3,2,0,0,0,0,0,0,0,1,1,0,2,2,3,1,3,0,3,2,0,2,1,0,0,1,1
55,MRESELRESERGEREWITVRNRRRGRVRVEQPTD,2,4,0,2,2,0,3,1,0,3,1,1,0,0,0,0,0,0,1,4,0,1,1,0,4,1,0,1,0,0,0,0,0,0,1,0
56,MAASTMALSSSSLAGQAIKLAPSTPELGVGRVSM,0,0,0,0,2,0,0,0,0,1,1,0,0,0,0,0,0,0,1,2,0,11,6,0,1,0,0,8,0,0,0,0,0,0,0,0
57,MARYDRAITVFSPDGHLFQVEYALEAVRKGNAAV,1,0,0,2,1,1,1,0,0,3,1,1,0,0,0,0,0,0,2,2,0,2,5,0,1,2,0,2,0,2,0,2,0,2,0,0
58,MSFLNILLNQSFHPNFAPFFSCHIGIMGVHKSRF,1,0,0,2,1,1,0,1,0,1,1,1,1,0,0,0,0,0,1,1,1,1,2,3,1,2,0,3,3,0,1,0,0,2,1,1
59,MVLQTSSLGFIVRRHPPELVAPANPTPHEVKLLS,2,1,0,1,1,0,0,0,0,2,2,0,0,0,0,0,0,0,1,2,0,7,1,1,2,1,0,3,5,0,0,0,0,0,1,0
60,MAVGLSAAITMKSLLRFHQPHLNLPKSIPTTLPF,0,1,0,2,1,1,0,0,0,1,1,0,0,0,0,0,0,0,2,0,0,4,7,1,2,1,0,7,1,0,1,0,0,0,0,0
61,MSRLMEPLVVGRVIGEVVDIFSPSVKMNVTYSTK,0,0,0,0,3,0,0,0,0,1,3,0,0,0,0,0,0,0,3,1,0,3,2,1,1,3,0,4,5,1,0,0,0,2,0,0
62,MLPLQFGTHPPPSLFLSSSNSNACCSSSRLLYHH,1,0,0,1,1,0,0,0,0,2,0,1,0,0,1,1,0,0,2,2,1,8,2,0,0,1,0,2,2,2,1,0,0,1,1,0
63,MNDLEIVFNRGRVPIATWNKTLLASNLQSSSESC,0,0,0,2,1,0,2,1,0,2,3,0,0,0,0,0,0,0,1,2,1,4,2,1,0,3,0,3,2,1,0,2,0,0,0,0
64,MESVLSHVGAGFFNGMIPRGVLGTHFKASSFVGV,0,0,0,2,1,1,0,0,0,2,0,0,0,0,0,0,0,0,3,0,0,5,4,2,0,1,0,5,3,0,1,1,0,0,1,1
65,MTDTIYWITFTIRRTHTGFSNAISPSAIECDPQS,1,0,0,2,0,0,0,0,1,4,0,0,0,1,0,0,0,0,1,3,0,4,4,2,1,1,0,3,0,1,0,0,0,2,1,1
66,MEIACDANQLDADVLLPPRKRLLAGLKKQGSDSD,3,1,0,0,1,0,0,1,0,4,3,0,0,1,0,0,0,0,1,4,1,3,1,0,1,2,0,3,3,0,0,0,0,0,0,0
67,MFVVGDCSGFTNLIATTIIRHITPEEKVSLIDLI,1,0,0,0,2,0,1,1,1,0,2,0,0,0,0,1,0,0,0,3,0,4,2,1,1,1,0,4,5,1,0,0,0,1,1,0
68,MKGRVRWDEANIGEIEANKPVRQKITEPKTPYHP,0,1,0,4,2,1,2,1,0,3,2,0,0,0,0,0,0,0,2,4,0,1,1,1,3,1,0,2,0,0,1,1,0,0,0,0
69,MECSQFSVFLLLSIFVGICLASTEEQERDRIAKL,0,1,0,0,2,0,2,3,1,0,0,1,0,0,0,1,1,0,1,2,0,2,3,0,0,1,1,4,2,2,0,0,0,1,2,0
70,MENIRELCLSHSSITELPFSFQNHAGLQGLDLSF,0,1,0,2,0,0,1,2,0,1,4,0,0,0,0,0,1,0,1,1,0,2,3,3,1,3,1,4,0,0,0,1,0,1,0,0
71,MEAYRKSHRGSSMRGKSLPFYRNAPKLASSTTVQ,2,1,0,4,1,0,0,0,0,2,0,0,0,0,0,0,0,0,3,0,0,7,3,2,1,2,0,2,0,0,2,0,0,0,0,1
72,MDSNACLPHLLVLAITLVLVSHAMEDSAQDKQRC,0,1,1,1,1,0,2,2,0,3,0,0,0,0,0,0,1,0,2,2,1,1,3,0,0,2,0,4,6,0,0,0,0,0,0,0
73,MASSRPANVGILAMDIYFPPTCVTQDALEGHDGV,0,1,0,1,0,0,0,1,0,3,2,0,0,0,0,0,1,0,2,2,1,5,4,0,0,2,0,4,1,1,0,0,0,1,0,1
74,MIEGGRIRLKTWQQAAVAVGSAVGALLDPRRADL,1,0,0,2,2,0,0,1,0,3,1,0,0,0,0,0,0,0,2,1,0,5,4,1,2,2,0,3,2,0,0,1,0,0,0,0
75,MEFASFHLQQHQLQEESAQFSIISTTPPPDSKPS,0,1,0,1,1,0,1,3,0,2,1,2,0,0,0,0,0,0,1,2,0,8,1,1,0,3,0,1,1,0,1,0,0,2,0,0
76,MTDSLRISTRQAFGFNNGKSLITQHPVGDNNSLF,0,1,0,2,1,0,1,3,0,4,0,0,0,0,0,0,0,0,2,3,0,1,4,2,1,0,0,4,1,1,0,1,0,1,0,0
77,MIMEPNPTSDHSLDWFEGSVSYFPPLLDYPYDSG,0,0,0,1,0,0,1,0,0,4,0,2,0,0,0,0,0,0,0,2,0,5,3,2,0,3,0,1,3,0,0,2,0,2,0,2
78,MEQPPSSSLQVETAQQPGPSPLRKMFAVSSIAAG,1,0,0,0,1,0,0,2,0,3,1,0,0,0,0,0,0,0,0,1,0,12,4,0,1,3,0,2,0,1,0,0,0,1,0,0
79,MRIRKNAKLSPLLFSSSLSSSSSSSCVQGGSVPL,1,1,0,0,2,0,0,0,0,2,0,0,0,0,0,0,1,0,1,0,1,11,4,0,2,1,0,3,1,1,0,0,0,1,0,0
80,MGEDSREFGKSTKINHKMEEVQREEEIDPESNPL,1,2,0,1,2,0,2,4,0,4,2,1,0,0,0,0,0,0,3,3,0,1,1,0,0,4,0,1,0,0,0,0,0,1,0,0
81,MGCVVSAPKDSGGNRRRPGSIGELSVYVPGLRIP,2,1,0,1,1,0,1,0,0,1,1,0,0,0,0,0,1,0,1,2,1,7,3,0,1,0,0,6,1,1,0,0,0,0,1,0
82,MKYQENNWVAELYKKRNMWSPAHNHGNFFAAISK,2,2,0,1,0,1,1,3,0,0,2,2,0,0,0,0,0,0,2,2,0,3,1,0,1,0,0,2,0,2,1,1,0,2,1,1
83,MSQTNTKVPFLRMKLLWKSHVRVQVIRLVCALLL,0,0,0,1,6,0,0,0,0,2,1,0,0,0,0,1,0,0,2,2,0,0,1,1,4,1,1,2,5,1,1,0,0,0,1,0
84,MINGNGTQTEYWGESSGSTSHSSQQDVEDDRMIA,0,0,0,1,1,0,1,4,0,4,1,1,0,0,0,0,0,0,1,5,0,7,0,0,0,2,0,1,2,0,0,0,0,1,0,1
85,MTPLRVAGGLTQSSSNSGIFYQGDGQSQNVVNSH,0,0,0,0,1,0,0,1,0,6,1,0,0,0,0,0,0,0,1,5,0,6,3,0,1,1,0,3,1,1,0,1,0,0,0,1
86,MAANSLLRSSLLAPSSSDLSKVFTNASGCNLKSK,0,0,0,2,1,0,0,0,0,2,2,0,0,1,0,0,0,0,2,3,1,8,2,0,2,0,0,3,2,1,0,0,0,1,0,0
87,MASERILKPSKWFSNKTLRISLHRRRSRSSSNNS,3,0,0,4,2,1,2,1,0,1,0,0,0,0,0,0,0,0,2,3,0,4,2,0,3,0,0,2,1,0,0,0,0,1,0,1
88,MTDSDANHNDPSLDTDAEAPNDVEDDVKLRSRDQ,0,2,0,1,1,0,1,5,0,6,2,0,0,0,0,0,0,0,1,6,0,2,1,0,2,2,0,1,0,0,0,0,0,0,0,0
89,MAKRNCVVILSSEDEEEDGFIVRSLSSSHSYNTK,1,1,0,2,0,0,0,5,1,2,0,0,0,0,0,0,1,0,3,1,0,3,1,2,1,0,0,3,4,0,0,1,0,0,1,0
90,MGKRLQNATSSGGEIPPEKRIRRSKTICSCNSPR,3,0,0,2,2,0,1,1,0,2,1,0,0,1,0,1,0,0,3,2,1,7,1,0,1,1,1,2,0,0,0,0,0,0,0,0
91,MLGLFMEIDPKLWSDPTHFNPERFENESEVNKLL,0,0,0,0,2,2,2,2,0,4,2,0,0,0,0,0,0,0,2,3,0,1,1,0,0,3,0,1,2,2,0,2,0,1,1,0
92,MSLSLFFLLILIFSSSTSSSTTIILQGNTTLKSP,0,0,0,1,0,0,0,0,0,2,0,0,0,0,0,0,0,0,0,1,0,10,4,0,1,1,0,2,6,2,0,0,0,1,1,1
93,MTSENVDWKLRVGLEFENIERSLESFATGYLGEG,0,0,0,1,2,0,1,2,0,2,2,2,0,0,0,0,0,0,0,2,0,3,2,2,1,4,0,3,0,0,1,1,0,1,1,0
94,MDRQENLLAFSMPSQLLSIDEELWRMAEERAQEI,0,1,0,1,1,0,2,6,0,0,4,0,0,0,0,0,0,0,0,3,0,1,2,1,0,2,0,4,2,1,1,0,0,1,0,0
95,MVLDPARLVLVLLISTCILAINGDTDPNDVTSLK,0,0,0,0,1,0,0,1,0,4,1,0,0,0,0,0,1,0,1,3,1,3,2,0,1,2,0,3,9,0,0,0,0,0,0,0
96,MNSPSQLNWNGDDPCGQSWQGITCSGNRVTEIKL,0,0,0,0,2,0,1,1,0,5,2,1,0,0,0,2,0,0,0,5,2,3,1,1,1,2,0,2,0,0,0,2,0,0,0,0
97,MPHLSSMCSELIGFSRSLKSCFLATQGHNLIFYS,0,1,0,2,1,0,0,0,0,1,2,0,0,0,0,1,0,1,3,2,1,2,2,1,1,0,1,4,2,1,0,0,0,2,1,1
98,MLVLKNKVLHLQGYTIILFPKSRRKLEKQLIKEF,2,3,0,1,3,0,2,0,0,1,1,1,0,0,0,0,0,0,2,0,0,0,1,1,3,2,0,0,7,1,0,0,0,2,0,0
99,MADLASYGKAYRDIEQQVLIALKKGAQLLKYGRK,2,1,0,2,0,1,0,2,0,0,4,0,0,0,0,0,0,0,2,2,0,2,1,2,2,1,0,3,3,0,1,0,0,2,0,0
100,MTMKDSIVLYSALGRGHLVSMVELGKLILSHHPS,1,1,0,2,2,0,0,0,0,1,1,0,0,0,0,0,0,0,4,0,0,2,4,0,1,1,0,5,6,1,0,0,0,1,0,0
101,MITIYNTVPSNLQKMFHYNTKFAMVLTFFIFMFC,0,0,0,0,1,2,1,0,0,2,1,0,0,0,0,0,0,0,1,1,0,1,3,1,0,1,0,3,3,4,1,2,1,1,2,1
102,MFSSRGNMAMASPSSIFSVYASMTASIMLLRSVT,0,0,0,2,0,0,0,0,0,0,1,0,0,0,0,0,0,0,1,1,0,8,6,0,1,0,0,4,3,3,0,0,0,3,0,0
103,MAKRVPVGELLVLVLLLLAPKTKAMSITGGHNKS,1,1,0,3,1,0,1,0,0,0,1,0,0,0,0,0,0,0,4,1,0,3,3,0,0,0,0,6,8,0,0,0,0,0,0,0
104,MVVTKALLLPPHPHPFCSLPIPTKLGIRPFFTFH,0,0,0,4,1,0,0,0,0,0,0,0,0,0,0,1,0,0,4,0,0,2,4,3,1,0,0,5,4,0,1,0,1,1,0,1
105,MIFLGMTSTTSSSPLIASKRSCVMKWKVGLVHAT,1,0,0,2,1,1,0,0,0,0,0,0,0,0,0,0,1,0,1,0,1,9,3,0,2,0,0,4,4,1,1,0,0,0,1,0
106,MLASPSENRTRCRKRKRDSPISRRHQKHEEEEDD,7,3,1,1,0,0,2,6,0,1,0,0,1,0,0,0,0,0,2,1,0,4,1,0,0,0,0,2,1,0,0,0,0,0,0,0
107,MAFAHYLLAVPVEPSPNFPTNPPKPNPSLSSSSS,0,0,0,1,0,1,0,0,0,3,0,1,0,0,0,0,0,0,2,3,0,9,3,1,0,1,0,4,1,0,0,0,0,2,1,0
108,IDSHIKRLDEDLNNFAEDLKQEGKIAPDEPAILP,1,1,0,0,3,0,0,6,0,3,2,1,0,0,0,0,0,0,2,2,0,2,1,0,2,3,0,2,1,0,0,0,0,1,0,0
109,MMGINTFSSGSYNVQVGIWRSNIFILLLIFHSPY,0,0,0,2,0,0,0,0,0,1,3,0,0,0,0,0,0,0,0,1,0,4,2,3,0,2,0,2,5,3,2,1,0,1,1,0
110,MNLLLLQSSCNLSFYFQTASPLYACYHCHMKGKS,0,0,1,2,1,0,0,0,0,2,2,0,1,1,0,0,0,1,1,0,2,4,1,1,1,2,0,1,3,1,1,1,0,1,0,2
111,MMTVEEKPDVTYNDVGGCKEQIEKMREVVELPML,0,2,0,1,1,0,2,3,0,0,5,0,1,0,0,0,0,0,0,1,1,1,2,1,1,3,0,4,3,0,0,1,0,0,0,0
112,MEQENQFFSLSDPNLILRLSLSMGGSIENTRFGA,0,0,0,0,1,1,0,5,0,2,1,1,0,0,0,0,0,0,1,2,0,3,4,0,1,2,0,4,2,0,0,0,0,2,0,1
113,MRWIFSIHYFPGYEFNPVSIKLMLPMQTSHATSQ,0,0,0,1,1,2,0,0,0,2,0,1,0,0,0,0,0,0,1,1,0,4,4,1,3,1,0,2,2,1,0,2,0,2,1,1
114,MSPTTCYYKCCSISATLITTSFANCHTKKFLLSS,1,0,1,1,0,1,0,0,1,0,0,0,1,0,1,1,0,1,1,1,1,8,2,1,0,0,0,4,2,0,1,0,0,1,1,1
115,MERYKILRELGDGSCGHVYKARDMRTYEIVAVKR,1,2,0,2,2,1,1,0,0,1,3,0,0,0,0,1,0,0,2,1,1,1,1,1,3,1,0,2,2,1,2,1,0,0,0,0
116,MAAPKVNEKLLEDLEVMGFPKARATRALHYSGNT,0,0,0,3,2,1,1,2,0,1,2,0,0,0,0,0,0,0,4,1,0,4,1,1,1,3,0,2,2,0,0,0,0,2,0,0
117,MRMKAQSLRVQERKRKEEEEKRLEREREKERIQA,4,4,0,1,4,0,6,4,0,2,0,0,0,0,0,0,0,0,0,1,0,0,1,0,3,3,0,0,0,0,0,0,0,0,0,0
118,MYLPRHHILTRLSPYRRHFSHSAAAVLRPPEPEP,4,0,0,2,2,1,0,0,0,2,0,0,0,0,0,0,0,0,3,2,0,5,1,1,1,0,0,3,2,1,1,0,0,1,1,0
119,MIAKLPKLRELSLSNCSLSDHFILPWRPSKFNFS,0,1,0,1,2,2,1,0,1,0,1,1,0,0,0,1,0,0,3,2,0,1,2,1,1,0,0,6,2,0,1,1,0,1,1,0
120,MDFRDAWAGFFLFCSFWLVTFCEQDGFLSLSCGG,0,1,0,0,0,0,0,2,0,2,0,1,0,1,0,2,0,0,0,0,1,2,1,5,0,1,0,3,1,1,1,0,2,1,3,2
121,MNYVSLQRTLRSCAGLDQLKRIHALCATLGFLHT,1,0,0,4,1,0,1,1,0,0,1,1,0,0,0,2,0,0,0,0,1,2,5,1,4,3,1,2,0,0,0,0,0,0,2,0
122,MGAGVSTTAIENDDGGTFSLSTKTTLDDIPENCI,0,0,0,1,0,0,0,5,1,1,1,0,0,0,0,0,1,0,1,1,0,9,4,1,0,2,0,4,0,0,0,0,0,1,0,0
123,MISTWPSKVNHLVVPRFEIGPSGVTDQNRRRRVK,3,0,0,0,3,1,2,2,0,0,1,0,0,0,0,0,0,0,2,1,0,5,1,1,1,1,0,4,3,0,0,1,0,1,0,0
124,MSGIIHKIEETLHVGGHKKEEEHKGEHHGGEHKG,6,1,0,3,2,0,3,3,0,1,0,0,0,0,0,0,0,0,1,2,0,3,2,0,2,1,0,2,1,0,0,0,0,0,0,0
125,MKKIVLKLEIHDDKTKKKAMRAVSGISGVETVSV,3,1,0,3,2,0,1,1,0,1,1,0,0,0,0,0,0,0,1,0,0,2,6,0,4,2,0,3,2,0,0,0,0,0,0,0
126,MLYKIEFFGVIFSGVETVSVDMNDLKMTIIGNVD,0,0,0,0,2,0,0,1,0,1,3,1,0,0,0,0,0,0,0,1,0,1,5,0,1,5,0,3,3,2,1,0,0,2,0,1
127,MKSSDEMHNKIVMMKQSFFDEGFLIPTQFQELEL,0,2,0,1,1,0,1,3,0,2,3,1,0,0,0,0,0,0,0,2,0,2,0,2,3,1,0,1,4,0,0,2,0,0,1,1
128,MSESKEENPDLLLKSKAQEEHGFVMDFGIGLESL,0,1,0,3,0,0,1,4,0,3,1,1,0,0,0,0,0,0,2,3,0,0,3,1,1,2,0,2,3,0,0,0,0,1,1,0
129,MTASENPDGYCLIKERMTQALRHFKELTEQNVLA,1,2,0,0,1,1,1,3,0,3,2,0,0,0,0,0,1,0,0,4,0,2,1,1,2,0,0,4,2,0,1,0,1,0,0,0
130,MHDASLSCLFSQKIRYICCSVTSIVPLYCHRYNL,1,1,0,0,1,2,1,0,0,1,1,0,1,0,1,1,1,0,0,1,1,2,4,0,2,0,1,3,1,2,0,1,1,1,1,0
131,MPPSYCVKERKPCVRWVEKYFKDCLCNLKDEISF,1,3,0,1,0,2,2,1,1,0,2,0,0,1,0,0,3,0,0,0,1,2,0,2,3,1,1,2,0,0,1,0,1,0,1,1
132,MASSSSSLLPRSHIPTPLISKISSSPRTWSLFIL,0,0,0,2,2,0,0,0,0,0,0,0,0,0,0,0,0,0,4,0,0,10,3,1,0,0,0,5,3,1,0,0,0,1,1,0
133,MAAVSGGGSEIWKAHTAMAMVQLFNGGYHVITKV,0,0,0,2,2,0,0,0,0,1,2,0,0,0,0,0,0,0,2,1,0,7,3,1,0,1,0,4,2,2,2,1,0,0,0,0
134,MIPVSLEKSDENGELRSYASWLGKHPSALGNFEE,1,0,0,3,0,0,1,3,0,1,1,1,0,0,0,0,0,0,1,3,0,3,3,2,1,1,0,4,1,0,0,1,0,1,1,0
135,MVCNLQMRAAVCEVANCFPTAIVSGRSKDKVYEF,0,1,0,2,1,0,1,0,1,0,3,1,0,2,0,0,0,1,2,1,0,4,2,0,1,1,2,2,2,1,0,1,0,1,0,0
136,MDISTPSGSSKYEEQEHQIKAVDEKGNPVVHCHP,0,1,1,3,0,1,2,4,0,1,2,0,1,0,0,0,0,0,1,1,0,6,2,0,2,2,0,1,1,0,0,1,0,0,0,0
137,MGEHEGWAQAPSGLLPNGLLPNEAASVIQVLDSE,0,1,0,0,0,0,1,1,0,5,1,0,0,0,0,0,0,0,0,5,0,5,3,1,0,2,0,3,4,0,0,0,0,1,0,0
138,MKVAQVLHMNGGVGHASYGNNSLVQEKVICLTKP,0,0,0,2,3,0,1,2,0,2,1,0,0,0,0,0,1,0,2,2,0,2,2,1,2,2,1,3,3,0,0,0,0,1,0,0
139,MSNMIEVRVPNLDCEGCASKLKKALFKLKGVDEV,1,0,0,2,3,0,0,1,1,1,4,0,0,1,0,1,0,0,1,2,1,1,2,0,3,3,0,2,1,1,1,0,0,0,0,0
140,MLYLVRRRLRHIAMRFYLCLMSRPSGVLFSTYSH,3,0,0,1,2,1,0,0,0,0,0,0,0,0,0,0,1,0,2,0,0,3,2,1,3,0,1,2,4,2,0,0,0,2,2,1
141,MSRPSGVLFSTYSHWRVLQGSEKLFQLVSDSSKT,0,0,0,2,2,1,1,0,0,2,1,0,0,0,0,0,0,0,3,2,0,5,1,1,0,1,0,2,3,2,1,1,0,2,0,0
142,MGDQALNLKVLVIFFETWKEFVSCQVASRIGCFH,0,1,0,0,2,0,0,1,0,2,2,1,0,1,0,0,0,1,1,1,2,1,1,1,1,1,0,4,3,1,2,1,0,0,1,1
143,MSGKASVSKELHAKHTKILEGLVKLPDNRECADC,1,2,0,3,2,0,1,1,2,1,1,0,0,0,0,1,0,0,4,2,0,2,2,0,2,1,0,3,2,0,0,0,0,0,0,0
144,MSMLETDQIKQLNDIFKRFDMDQDGSLTHLELAA,1,1,0,0,1,1,0,4,0,2,5,0,0,0,0,0,0,0,1,1,0,2,2,0,1,4,0,3,1,1,1,1,0,0,0,0
145,MGSPKMDESETQKVDMGRKERASIATILRYSDWI,1,1,0,1,2,1,2,1,0,2,1,1,0,0,0,0,0,0,2,3,0,4,2,0,1,2,0,3,1,0,0,0,0,1,1,0
146,MPLNSIPWCHLKLILLSALLLFCCSLDLCSAITD,0,0,0,0,2,0,0,0,0,1,1,0,1,0,1,2,0,0,0,1,0,2,5,1,1,2,1,4,5,1,0,0,2,0,0,0
147,MSFQDIQGGPNPPSRRNQSPSQAVAAGIFQINTA,1,1,0,0,0,0,0,2,0,5,2,0,0,0,0,0,0,0,1,2,0,9,2,1,0,2,0,2,0,1,0,2,0,0,0,0
148,MDEDFDMAAAEPMGEDFDFAGSGSNPVLKVGEEK,0,0,0,0,1,0,1,4,0,2,1,3,0,0,0,0,0,0,0,4,0,6,2,0,1,1,0,3,1,0,0,2,0,1,0,0
149,MEKNWVLRWIFVVGLMCLSVEGIGVNWGTQATHK,1,1,0,0,0,1,1,0,0,2,0,2,0,0,0,0,1,0,1,1,0,2,4,0,1,3,1,3,3,1,0,0,0,1,3,0
150,MRPLFRFAQLARRHYKASPPPPPPTPPKPPKKPQ,3,0,0,4,0,2,0,0,0,0,1,0,0,0,0,0,0,0,3,2,0,11,1,0,1,0,0,1,0,1,2,0,0,1,0,0
151,MDAVDKTFSELVSIVKSWLPWRSEPVNVSRDFWM,0,1,0,3,0,0,1,0,0,2,2,1,0,0,0,0,0,0,1,2,0,0,3,3,1,3,0,3,2,0,1,0,0,1,2,1
152,MPLGSSINHSTALYSSIVASGKSIPESHRNKLLS,1,1,0,2,1,0,2,0,0,1,0,0,0,0,0,0,0,0,2,1,0,7,5,0,0,1,0,5,2,1,0,0,0,1,0,0
153,MNSRNSLKWLTRRRVKDFFLVADGDNVGPRAQPF,2,2,0,1,1,1,0,1,0,4,1,1,0,0,0,0,0,0,3,3,0,1,1,1,2,1,0,3,1,0,0,0,0,0,2,1
154,MSFSFSLSRRLSSSPSLSIPTFPPSLPNPTFTLC,1,0,0,0,1,0,0,0,0,1,0,0,0,0,0,0,0,0,1,1,0,8,5,4,0,0,1,6,0,0,0,0,0,4,0,0
155,MKSLAVAWFMVFMISSEHGINVQGSTRLSILRIS,0,0,0,2,2,0,1,0,0,1,1,0,0,0,0,0,0,0,1,1,0,3,4,1,2,2,0,5,3,1,0,0,0,0,2,1
156,MTNPIPIRPWSRLASLRSVPAPESHPKPHTAELS,0,0,0,5,1,0,0,0,0,2,1,0,0,0,0,0,0,0,4,3,0,4,4,1,2,0,0,5,0,0,0,0,0,1,0,0
157,MQIFSSDCSIAMARKMLIDGEAELAQGGGEEVSN,1,0,0,0,1,0,0,1,1,3,3,0,0,0,0,1,0,0,1,6,0,3,2,0,0,2,0,4,2,1,0,0,0,1,0,0
158,MARKMLIDGEAELAQGGGEEVSNFDFDLFIIGAG,1,0,0,0,1,0,0,1,0,3,3,2,0,0,0,0,0,0,1,5,0,4,0,0,0,1,0,4,3,1,0,2,0,0,1,0
159,MSAPSPSSSPAPPPELSSSAPPSSTSPLPLPSPS,0,0,0,0,0,0,0,0,0,0,1,0,0,0,0,0,0,0,0,1,0,25,2,0,0,0,0,4,0,0,0,0,0,0,0,0
160,MESVTTRPSPNVVGVANSKHGVEWCGHFQMPLHY,1,0,0,2,0,2,0,0,0,2,2,1,0,0,0,1,0,0,3,2,0,3,4,0,1,2,0,4,1,0,0,1,1,0,0,0
161,MGAIRQQPSEWVKGKLVGCGSFGTVHLAMNKYTG,0,1,0,1,2,1,1,1,0,1,0,1,0,0,0,1,0,0,1,1,1,5,3,1,3,1,0,3,1,0,0,0,0,2,1,0
162,MDWDGKEFAWDPRGLELANGEGQKSEAASVDLRL,0,1,0,2,1,0,1,0,0,5,2,2,0,0,0,0,0,0,2,4,0,2,2,1,1,3,0,1,0,0,0,2,0,1,0,0
163,MAQFTTQGRLKLLFNGEGVSSVLEHNKDPFLYNK,0,2,0,0,2,0,3,0,0,4,0,1,0,0,0,0,0,0,1,3,0,2,2,1,1,1,0,2,2,2,0,2,0,1,1,0
164,MSVSAILLLVEILSSIGVLEFTAAAPLVAPIVGI,0,0,0,0,0,0,0,0,0,0,1,1,0,0,0,0,0,0,0,0,0,7,7,0,0,2,0,6,8,0,0,0,0,1,0,0
165,MEGRQILSRFCPKSSSVSSIPIVKQQYSLKFPLL,0,2,0,1,0,2,0,1,0,1,1,1,0,0,0,1,0,0,3,0,0,3,5,0,2,1,0,3,3,0,0,0,1,2,0,0
166,MVVTTTKSSPMAQDLKTSMSSFTLPKTLKLKTKQ,0,1,0,4,1,0,0,1,0,0,1,0,0,0,0,0,0,0,3,1,0,6,4,1,3,0,0,4,2,0,0,0,0,1,0,0
167,MCSFQFSIQLTPELSFSTEPNIQHTSTKIHDQHL,0,1,0,1,2,0,2,1,0,1,3,1,0,0,0,1,0,0,1,3,0,4,1,2,1,2,1,2,0,0,0,1,0,2,0,0
168,MSSYFEERAPCCGSHFWILLSMCWASVLFAAITS,0,0,0,1,0,1,1,1,0,0,0,0,0,0,1,1,0,1,1,0,1,6,3,1,0,0,1,3,3,1,0,1,0,2,1,2
169,MSPYHGHSSQRFFIFLLILAFRGVRVTATTFTFV,0,0,0,3,1,1,1,0,0,0,0,0,0,0,0,0,0,0,1,1,0,5,1,4,1,0,0,3,3,1,2,0,0,1,3,1
170,MQFISYNKHRHEQCTLIDLLVRTIVINDFREANT,3,2,0,1,0,0,1,2,1,2,1,2,0,0,0,1,0,0,0,1,0,0,2,1,1,3,0,1,5,0,1,1,0,0,1,0
171,MATTMPKFKRKLVMGANGRTNPLVWLVAIICTII,2,0,0,1,1,1,0,0,0,2,0,0,0,0,0,1,0,0,2,2,0,3,4,0,0,0,1,4,6,1,1,0,0,0,1,0
172,MPKFKRKLVMGANGRTNPLVWLVAIICTIIAVAV,2,0,0,1,1,1,0,0,0,2,0,0,0,0,0,1,0,0,2,2,0,1,5,0,0,0,1,5,6,1,1,0,0,0,1,0
173,MWVVVTLDFIETVKKAVGDGRRLRFGWSHGLGER,2,0,0,2,1,1,1,0,0,2,0,1,0,0,0,0,0,0,2,2,0,0,4,1,2,2,0,3,2,1,0,0,0,2,2,0
174,MPQLHYPVTGLCRHPQPSLPTATRFRNQPLPLKV,1,1,0,1,1,2,0,1,0,2,1,0,1,0,0,0,0,0,1,2,0,5,5,0,2,0,1,4,0,0,1,0,0,1,0,0
175,MGKYFRHLYLLILSLQYVFNNGQMDIGRPKDLVE,1,1,0,1,1,1,0,1,0,1,3,1,0,0,0,0,0,0,3,1,0,0,1,0,0,3,0,3,4,2,1,1,0,0,2,1
176,MDDPFACYIFSHASVLNLRFVNKYIHQVVTKAVK,0,1,0,2,0,2,1,1,0,1,2,0,0,0,0,0,0,1,2,0,1,1,2,1,3,3,0,1,2,1,0,0,0,2,3,0
177,MTTTHWVWILFLVVILVSTKRQGQWNKRTLMAWT,2,1,0,1,0,1,1,0,0,1,0,1,0,0,0,0,0,0,2,1,0,3,1,1,0,0,0,3,7,2,0,1,0,1,3,0
178,MGRAFVYVILGGGVAAGYAALEFVKKGVSHGELC,1,0,0,3,0,0,0,0,0,0,1,1,0,0,0,0,0,0,2,1,0,5,3,2,1,1,1,4,2,1,0,0,0,1,3,0
179,MSHSHRAEDKYFFAHTQRNFTQQNSLSFSHFLIM,1,1,0,3,0,2,2,3,0,1,0,1,0,0,0,0,0,0,4,3,0,0,1,1,0,0,0,2,2,0,0,0,0,3,1,2
180,METFSISRNSSSLIILTRPSTRHKPIFLPQRHGS,3,1,0,3,0,0,1,0,0,2,0,0,0,0,0,0,0,0,3,1,0,5,3,1,0,1,0,3,3,1,0,0,0,1,1,0
181,MSSSSYFSDSNPQWIYDVFINFRGEDTRRNFVSH,1,1,0,1,0,0,0,1,0,3,1,3,0,0,0,0,0,0,2,4,0,3,0,1,0,1,0,2,0,2,1,1,0,1,3,1
182,MASAARLTFFAVSMVLLSSVAIATDFTVGDGTGW,0,0,0,0,1,0,0,0,0,1,0,1,0,0,0,0,0,0,1,2,0,7,5,2,0,0,0,7,3,0,0,0,0,2,0,1
183,MSSFSITRKKTPFQKHREEEEAKKKRAEDETARL,7,1,0,2,1,0,1,5,0,2,0,0,0,0,0,0,0,0,3,1,0,3,1,2,0,0,0,2,0,0,0,1,0,1,0,0
184,MRMEYLNLMYFQYLILCICKELATTKERTNTYAF,0,2,0,1,1,0,1,0,0,1,2,2,1,0,0,0,1,0,1,1,0,2,0,2,1,2,2,1,3,1,0,1,0,1,2,1
185,MALKRINTELKDLQKDPPVSCSAGPVTNDMFHWQ,1,2,0,0,1,1,1,1,0,2,3,0,0,0,0,1,0,0,0,2,1,4,3,0,2,2,0,3,0,1,1,1,0,0,0,0
186,MAQVPASEATAFWTDEKHVHFLNSMEASFVRTML,1,0,0,1,1,1,1,1,0,3,1,0,0,0,0,0,0,0,0,3,0,5,2,2,2,2,0,2,1,0,0,0,0,1,2,1
187,MEGQTSDSLNEQQCLETKLTNMLQNVEPPEMYGF,0,0,0,0,1,0,0,4,1,5,3,0,0,0,0,0,1,0,1,4,0,2,1,1,0,5,0,1,1,1,0,0,0,1,0,0
188,MESATASSSESEMALPLPLASESQQPYVSELLSF,0,0,0,0,0,0,0,1,0,4,2,0,0,0,0,0,0,0,0,5,0,7,3,2,0,1,0,6,1,0,0,0,0,0,1,0
189,MQPSLETSLQPYFLYFEVILKEATIMVNSMSFLL,0,1,0,0,0,0,0,0,0,5,1,0,0,0,0,0,0,0,0,0,0,3,4,2,1,4,0,1,5,1,0,1,0,0,2,2
190,MSKQPIDPFRHINIVLNPNGTLNRLRHIPSTAPS,2,1,0,0,3,0,1,0,0,4,1,0,0,0,0,0,0,0,1,1,0,6,2,1,1,4,0,2,2,0,1,0,0,0,0,0
191,MQTALTFAAPNVVPLAPTKSVSHITIFPTKLKAP,0,0,0,2,2,0,0,0,0,1,1,0,0,0,0,0,0,0,3,1,0,7,4,1,1,1,0,5,1,1,0,0,0,2,0,0
192,MVVSGSSPLTSKRRRVTNFCSTDMDAETAKAKLA,3,0,0,1,2,0,0,0,0,2,1,1,0,0,0,1,0,0,3,3,0,7,1,0,0,1,0,4,2,0,0,0,1,0,0,0
193,MSAVNLNTWPRPSFILNQTATRRSRSSPTSHFFH,1,0,0,3,0,1,0,1,0,2,1,0,0,0,0,0,0,0,4,0,0,8,1,2,0,3,0,1,1,0,1,0,0,1,1,1
194,MEAETNSPEDASAMAFGQHQVTDQTSVENVQPAE,0,1,0,0,0,0,1,3,0,6,2,0,0,0,0,0,0,0,0,6,0,5,2,1,0,3,0,2,0,0,0,0,0,1,0,0
195,MPEDKALQTIPNTTSVGNEAIDDSSQEERQPEAE,0,1,0,1,0,0,2,5,0,6,0,0,0,0,0,0,0,0,0,6,0,3,4,0,0,2,0,3,0,0,0,0,0,0,0,0
196,MSSSGFPGGGGASEFFAGVGGFGGRSIPATSMNN,0,0,0,1,0,0,0,1,0,0,0,1,0,0,0,0,0,0,1,1,0,15,3,2,0,1,0,3,0,0,0,0,0,3,0,1
197,MMATKYQLQPQSNINLRLYICMSCFHGCRCYVSH,0,0,1,1,1,1,0,0,0,2,3,0,1,0,0,0,1,2,2,2,2,1,0,0,1,2,1,3,1,1,1,1,0,0,2,0
198,MTFSFSFQYHSFMDNLAAPFHHLNPYFVHNPQTH,1,1,0,1,1,0,0,1,0,3,1,1,0,0,0,0,0,0,1,1,0,2,0,6,1,2,0,2,0,0,2,1,0,2,2,1
199,MGASQSVQVVEDSEEEEDERNLNGPLMGRAQLGN,0,1,0,1,0,0,1,6,0,3,3,0,0,0,0,0,0,0,1,4,0,3,2,0,0,3,0,3,2,0,0,0,0,0,0,0
200,MGRSLSPLVRQELANLEKDEDSRKSAMKALKSYV,1,2,0,4,0,0,1,3,0,1,2,0,0,0,0,0,0,0,2,1,0,2,4,1,3,1,0,3,1,0,0,0,0,0,1,0
201,MDPQPEPVSYICGDCGMENTLKPGDVIQCRECGY,0,1,0,1,0,0,0,1,3,4,1,0,1,0,0,3,0,0,0,4,0,1,3,2,1,3,1,1,1,0,0,0,0,0,1,0
202,MNHIKSCTRNLGALTSSPKRHLYVDASMIKTGFD,2,1,0,2,2,0,1,0,0,1,1,0,0,0,0,1,0,0,2,0,1,6,2,1,2,2,0,2,1,1,0,1,0,0,1,0
203,MARRNSGKHLLVGEKEDYNKLAMDDENKKWMHKE,4,3,0,0,2,1,3,4,0,1,0,1,0,0,0,0,0,0,2,1,0,1,1,0,1,1,0,3,2,0,0,1,0,0,1,0
204,MIGIHGIGGIGKTTLAIAVYNLIACHFDGSCFLK,0,0,0,2,0,1,0,0,0,1,1,0,1,0,0,0,0,1,1,0,2,3,6,0,2,0,0,6,2,1,0,2,0,0,1,0
205,MPVTLGTLSNLVMLDLSSNLLEGSIKESNFVKLL,0,1,0,0,1,0,0,0,0,2,3,1,0,0,0,0,0,0,0,3,0,3,4,0,2,2,0,5,5,0,0,0,0,0,1,0
206,MKDKCGIIVNCTLWEDFAFLLKDYLDKHENVPVI,1,3,1,0,0,0,2,2,1,0,1,2,0,0,0,2,0,0,0,0,0,0,3,1,2,2,0,1,4,1,0,1,0,1,2,0
207,MYGSRLFTNEDLKDIEDYKNGVLIKERASDIKQQ,0,4,0,1,1,0,1,4,0,1,3,1,0,0,0,0,0,0,1,2,0,2,1,0,3,1,0,0,2,2,1,0,0,2,0,0
208,MVYCSHCAKNVAGERLDDGFLCCGSCGRVLEDYF,0,1,1,0,2,0,1,2,0,1,1,1,0,0,1,4,0,0,3,1,1,2,0,1,0,2,1,1,2,1,0,0,1,0,1,1
209,MNTITLLLLFPFFTQFLEVEPARTKLPGKTRFPI,0,0,0,2,1,1,0,0,0,2,1,1,0,0,0,0,0,0,4,1,0,2,3,1,0,3,0,2,3,1,0,0,0,3,1,1
210,MAVLFATHVLLLILSTATTLHFSASKAARLNMTC,0,0,0,1,2,1,0,0,0,0,1,0,0,0,0,0,0,0,3,0,1,8,2,0,1,1,0,3,6,1,0,0,0,2,0,0
211,MVGGNINSRQYNDTTSTKIFVGGLAWETQRDTMR,0,2,0,0,1,0,1,1,0,4,1,1,0,0,0,0,0,0,2,2,0,5,2,1,1,1,0,3,1,1,0,2,0,0,1,0
212,MALHDLPFTPMTTISLFIILFSLFSTPSHSALTC,0,1,0,1,0,0,0,0,0,0,1,0,0,0,0,0,0,0,1,0,1,6,6,1,1,0,0,5,2,3,0,0,0,3,1,0
213,MKFNSRNWVTLIASVWMSFTVSVMEGVRPLPNPL,0,1,0,1,0,1,0,0,0,3,0,1,0,0,0,0,0,0,1,1,0,1,7,1,2,1,0,5,2,1,0,1,0,1,2,0
214,MPKKRKSIATSLDEVDRTLYASFCTAANSLSQLY,3,0,0,2,0,0,1,1,0,1,2,0,0,0,0,1,0,0,1,2,0,5,4,1,0,2,0,3,0,2,0,0,1,1,0,0
215,MACSSAQIHGLGTPSFSRTLFLGQRLNTKAAFIK,0,0,0,3,1,0,1,0,0,1,1,0,0,0,0,1,0,0,2,2,1,6,2,2,2,1,0,3,0,1,0,0,0,1,2,0
216,MSSRGATAVLSRASRIRSKLQTALEATVLEVDDV,0,0,0,3,2,0,0,1,0,2,2,0,0,0,0,0,0,0,4,0,0,7,3,0,1,4,0,2,2,0,0,0,0,0,0,0
217,MASSCASSAIAAVAISTPSSQKNGSLLGSTKASF,0,1,0,1,0,0,1,0,0,1,0,0,0,0,0,1,0,0,1,1,1,14,4,1,0,0,0,5,1,0,0,0,0,0,0,0
218,MVTIHCSHLVVPSEPTPSSTLSLSLCDQIKLPNH,0,0,1,0,2,0,1,1,0,1,1,0,0,1,0,1,0,0,1,2,0,6,4,0,2,0,1,5,3,0,0,0,0,0,0,0
219,MHPINTGDDSTLSSPIPQYGQISNSCLIETQDPS,0,0,0,1,0,0,0,2,0,5,1,1,0,0,0,0,1,0,0,5,1,5,3,0,1,2,0,3,1,0,0,0,0,1,0,0
220,MYYQQQQQAKNMHALRMHSPTERHMMLQGGNGAG,1,1,0,2,2,0,1,4,0,3,1,0,0,0,0,0,0,0,1,2,0,5,1,0,3,1,0,0,2,1,0,1,0,0,0,1
221,MDVDGGNKRVYNRLGGDAKHQKVCFHWQAGKCNR,2,1,1,0,3,1,4,0,0,3,1,0,0,1,0,0,0,1,2,2,0,3,0,0,0,2,1,1,0,1,1,2,0,0,0,0
222,MATSLLLLLFITCFSLLPSSYSYSSPFPPSASFL,0,0,0,0,0,0,0,0,0,0,0,0,0,0,0,0,0,1,0,0,1,10,2,4,0,0,0,3,5,1,0,0,0,4,2,0
223,MSHSGLEEMGNEKKKEVIRIERESVIPVLKPQLI,2,2,0,2,1,0,2,2,0,1,3,0,0,0,0,0,0,0,1,2,0,1,3,0,2,2,0,3,4,0,0,0,0,0,0,0
224,MQVMKKSNFKIATQEEIDIALSGQYILNLPITVN,1,0,0,1,1,0,0,2,0,0,4,2,0,0,0,0,0,0,0,3,0,2,3,0,1,4,0,5,2,0,1,0,0,0,1,0
225,MKKSNFKIATQEEIDIALSGQYILNLPITVNESK,1,0,0,1,1,0,0,3,0,1,3,2,0,0,0,0,0,0,1,3,0,2,3,0,1,3,0,5,1,0,1,0,0,0,1,0
226,MEELIISPSSSSSLVSLSQENPTPTLQQKLQFLL,0,0,0,0,1,0,1,4,0,1,1,1,0,0,0,0,0,0,0,1,0,9,3,0,0,3,0,3,4,0,0,0,0,0,1,0
227,MIYMQNQQLHLFSIYPCVIMNSSSIYILVFVQLW,0,0,0,0,1,0,0,3,0,1,2,0,0,0,0,0,1,0,0,0,1,2,2,0,1,3,0,0,5,6,0,0,0,2,3,0
228,MNSSSIYILVFVQLWLLSLPCRESVCIPSERETL,0,2,0,0,0,0,1,0,0,3,1,0,1,0,0,0,1,0,0,1,1,3,4,0,0,2,1,3,3,3,0,0,0,0,3,0
229,MGQSPRHCVCQQILFVLFRLRGILIFAEVWERFK,1,0,1,1,1,1,1,1,0,1,2,0,0,1,0,0,1,0,1,2,0,1,1,0,1,0,1,1,4,4,2,1,0,1,1,0
230,MAWSLTLPPPSSLSSSSSPSFPTFHHHHHSLFFN,4,0,0,1,0,0,0,0,0,0,0,0,0,0,0,0,0,0,0,0,0,11,4,3,0,0,0,4,0,1,1,1,0,2,0,1
231,MATTEETRKKEGSNLLGSPNFTELGNGRFKCLET,2,1,1,0,0,1,0,1,0,4,2,1,0,0,0,0,1,0,2,5,0,5,0,0,0,1,0,3,1,0,1,0,0,1,0,0
232,MGINICLSLCFFYITTLHRTISTLAQSENYIIHM,1,0,0,1,1,0,0,1,0,1,1,1,0,0,0,0,1,1,0,2,0,2,5,0,2,1,2,5,1,0,0,0,0,0,2,2
233,MNRKNMESNGESHSSRSGSFREGFGLAPNEAKVH,1,2,0,2,1,0,1,1,0,5,1,0,0,0,0,0,0,0,3,3,0,4,1,2,1,2,0,1,0,0,1,0,0,1,0,0
234,MGTTKSLRERERERGKMRYGGGKRRRVALKPFFV,3,3,0,3,2,1,3,0,0,0,0,0,0,0,0,0,0,0,3,0,0,4,2,1,3,0,0,2,0,0,0,0,0,1,1,1
235,MQDGGRNGGGFHKWCREERVPQSEKDDSESFSRQ,1,4,0,0,1,1,2,3,0,5,0,0,1,0,0,0,0,0,2,3,0,3,0,2,0,1,0,1,0,0,1,0,1,1,0,0
236,MAGGANFVQRVLSYVVNEVVVNGLANSPAFQRFA,0,0,0,0,1,1,2,1,0,2,1,1,0,0,0,0,0,0,0,2,0,5,1,2,0,3,0,3,4,0,0,1,0,1,2,0
237,MWEALSQVLYLNLSRNHIHGEIGTTLKNPISIPT,0,2,0,1,1,0,1,0,0,2,3,0,0,0,0,0,0,0,1,2,0,3,4,0,2,1,0,5,1,2,0,1,0,0,1,0
238,MPSWWGKSSSTKKKANKESFIDAFHRKFKIPSEG,4,1,0,2,1,1,1,0,0,3,0,0,0,0,0,0,0,0,2,2,0,5,0,3,0,1,0,2,0,0,2,0,0,1,1,1
239,MSSTSPKRRPLSNHVTNLQIPPHGAFFSAPDSSR,2,0,0,2,1,0,1,0,0,1,2,0,0,0,0,0,0,0,3,3,0,9,1,1,0,1,0,4,0,0,0,0,0,1,0,1
240,MESARISQWLNLLVCVLLLLKAEGSSVPLTLVEN,0,0,0,1,1,0,0,1,0,2,1,1,0,0,0,0,1,0,1,2,0,3,3,0,1,3,1,3,7,0,0,0,0,0,1,0
241,MMILSPKISRVDDEDVSSSGLTKDSQELCVTDCG,0,1,0,0,2,0,0,4,1,1,2,0,0,0,0,1,1,0,3,2,0,4,1,0,0,1,1,5,3,0,0,0,0,0,0,0
242,MSWMSVDEFLVQCKKSGDAAYASLRSLLERLDNP,1,0,0,2,1,0,1,2,1,2,0,1,1,0,0,0,0,0,0,1,0,3,3,2,1,4,0,2,2,0,0,0,0,1,2,0
243,MFPWANTRVCMYVLPLPIIVSLMHCIAGHHGRNK,1,1,1,1,1,0,1,0,0,1,0,0,0,0,0,0,2,0,3,1,0,1,3,1,1,0,1,4,4,2,0,0,0,2,1,0
244,MSKMITENASEEFLHSLSNYCALQGFVEDQFGLG,0,0,0,1,1,0,0,4,0,2,0,3,0,0,0,1,0,0,1,3,0,1,3,1,1,2,0,4,1,0,0,0,1,1,2,0
245,MPSFSFLRTFRVSLFPPYPPIAIPTATLHSQPHS,0,0,0,3,1,0,0,0,0,1,0,0,0,0,0,0,0,0,1,1,0,6,4,4,2,0,0,4,0,1,1,0,0,3,1,0
246,MGKHSTLISKEGMEKMLGRNCGKLKTKIVCTLGP,1,2,0,2,3,0,1,0,1,1,0,0,0,0,0,2,0,0,5,0,0,2,3,0,1,1,1,4,3,0,0,0,0,0,0,0
247,MEKMLGRNCGKLKTKIVCTLGPSSRSVEMLEKLL,0,1,0,2,4,0,2,0,1,0,1,0,0,0,0,2,0,0,4,0,0,3,2,0,1,3,1,2,4,0,0,0,0,0,0,0
248,MWMLSQSKPLRSRTYLLHFTRRRCHCNSQNDAAS,2,0,2,3,0,1,0,2,0,3,0,0,1,1,0,0,0,0,3,2,0,2,1,1,2,0,0,1,2,1,0,0,0,1,2,0
249,MGLPLLSSALWDPSHNCVSSSVEFIRPLLSASKS,0,1,0,2,0,0,0,0,1,1,0,1,0,0,0,0,1,0,2,0,0,7,5,0,1,1,0,5,2,1,0,1,0,0,1,0
250,MSIIFLLVLCNLLMSRILENCPERNCCCSGAHFN,0,1,0,0,1,1,1,1,2,0,1,0,0,1,2,2,0,0,2,1,0,2,1,0,0,1,1,2,7,1,0,1,0,0,1,0
251,MGTDGSELVETLPNPRSFKVHRTMCAELRKLVDR,2,0,0,2,2,0,1,0,0,3,2,0,0,0,0,1,0,0,1,4,0,2,2,1,2,2,1,2,2,0,1,0,0,0,0,0
252,MQALCLLNEAIDKAKQLLLYCSESSKLYLAITGD,0,1,0,1,1,0,1,1,0,3,1,0,0,0,0,1,1,0,2,2,0,2,3,0,0,3,1,2,3,2,0,0,1,0,1,0
253,MTQYLITTRSTFQSMLFQWLCTQDFERIDGWFLP,0,0,0,1,1,0,1,1,0,2,0,3,0,0,0,1,0,0,1,2,0,2,1,2,0,1,1,3,2,1,0,3,0,0,3,1
254,MRKKVMIVILPPTLGILILALFAFGVSYHLCQTS,2,0,0,0,2,0,0,0,0,1,0,0,0,1,0,0,0,0,0,0,0,3,4,2,1,0,1,4,8,1,1,0,0,2,0,0
255,MARVKHTPASRKSGKKKAPRASTSTQPSLSSSQS,4,0,0,4,1,0,0,0,0,2,0,0,0,0,0,0,0,0,4,2,0,12,1,0,1,0,0,2,0,0,0,0,0,0,0,0
256,MVFIFPTLLSMKLQPLLLLLVMYFCAFAASSEIA,0,0,0,0,1,0,0,0,0,1,1,0,0,0,0,1,0,0,0,1,0,4,3,1,1,1,0,2,8,3,0,0,1,2,1,1
257,MGSIAEEEAMPNLVGSEERILVSVRVRPLNEKEL,0,1,0,1,2,0,2,4,0,1,2,0,0,0,0,0,0,0,0,3,0,2,4,0,2,1,0,5,3,0,0,0,0,0,0,0
258,MDRVFRTDSPTKQVYEEAAKEVALSVLSGINSSI,0,2,0,1,1,0,1,1,0,3,2,0,0,0,0,0,0,0,2,1,0,5,4,0,0,2,0,3,1,2,1,1,0,0,0,0
259,MSGITDFAIADIFNYIEKHTEREFVLKFSALEIY,1,1,0,1,0,1,2,0,0,0,2,3,0,0,0,0,0,0,0,3,0,2,3,0,1,2,0,3,1,2,0,1,0,2,2,0
260,MMIFFLCMSSRQWGAWRIISLTEILTLNHFLGTP,0,1,0,0,1,1,1,0,0,0,1,1,0,0,0,0,1,0,1,1,0,4,2,1,0,1,1,5,4,1,1,0,0,1,2,1
261,MEEAEKELERRSKFLNSLIQKKKKGIEQHEHESF,4,3,0,2,0,1,5,2,0,3,1,0,0,0,0,0,0,0,1,1,0,0,2,1,0,5,0,0,1,0,0,0,0,0,1,0
262,MVSSKRNVFGTKGEMGIDFMVLVLSVSWFCLTSI,1,1,0,1,0,0,0,0,0,0,2,1,0,0,0,0,1,0,2,1,0,3,3,1,0,1,0,5,5,1,0,0,1,1,1,1
263,MPSFSFLRTLRLSLFPPYTPIAIPTATLHSQSHS,0,0,0,3,1,0,0,0,0,1,0,0,0,0,0,0,0,0,1,1,0,6,5,3,3,0,0,4,0,1,0,0,0,3,1,0
264,MRQVKQIHGYTLRNGIDQTKILIEKLLEIPNLHY,0,3,0,1,2,1,1,1,0,2,4,0,0,0,0,0,0,0,1,1,0,0,2,1,5,3,0,1,3,0,0,0,0,1,0,0
265,MAMKLKYLSSIAEDVIKRCSQKLDTSVEKLVEDF,1,0,1,0,3,1,2,2,0,1,1,1,0,0,0,1,0,0,0,2,0,2,3,0,3,3,0,3,2,0,0,0,0,0,1,0
266,MFLKEMDKCIRHLQKHATPNGVELAEDEYILHVD,2,1,1,1,2,0,2,2,0,1,2,1,0,0,0,0,1,0,0,2,0,2,1,0,3,4,0,1,1,1,0,0,0,0,2,0
267,MLRTLARVFKRATLANDLLQKRSRFYATTVGGRS,2,0,0,4,1,1,1,1,0,0,1,0,0,0,0,0,0,0,3,1,0,4,3,0,1,1,0,3,2,1,1,0,0,1,0,1
268,MLRTLARVFKRATLANDLLQKRSRFYATTVGGRR,3,0,0,3,1,1,1,1,0,0,1,0,0,0,0,0,0,0,3,1,0,4,3,0,1,1,0,3,2,1,1,0,0,1,0,1
269,MYVAEKLNKGDSSACLMQQQPFCYASGFPKEANK,0,1,0,1,1,0,3,2,0,3,0,0,0,0,0,0,1,1,1,3,1,4,0,2,0,2,0,1,1,1,0,0,1,2,1,0
270,MEESGDARDLQKPFLHTGSWYKMGSRQSSIMGSS,0,2,0,2,1,0,1,1,0,3,1,0,0,0,0,0,0,0,2,1,0,7,1,2,1,2,0,2,1,0,1,0,0,0,1,1
271,MMVLDVLSGPTGTAISQTVDTIADFLVTANDVLV,0,0,0,0,0,0,0,1,0,2,2,1,0,0,0,0,0,0,0,3,0,7,3,0,0,2,0,4,7,0,0,0,0,0,1,0
272,MAHKTLFKPSLILTLRLNKTAISFSHHHPFRHSQ,4,0,0,5,1,0,1,0,0,0,0,0,0,0,0,0,0,0,2,1,0,2,4,2,1,1,0,3,2,1,2,0,0,1,0,0
273,MMRFYTTSAKPFHSDHYSRLVSLIDSCKSMQQIK,0,0,0,3,1,2,1,1,0,1,1,0,1,0,0,0,0,0,2,1,1,3,2,1,2,2,0,1,3,0,1,0,0,2,0,1
274,MKMTLVTLVLVFALITKALAGPASEPVLDALGKK,1,0,0,1,1,0,0,0,0,2,0,0,0,0,0,0,0,0,2,1,0,4,6,0,1,1,0,5,6,1,0,0,0,1,0,0
275,METQSDGNEDTIAAIKDMRQQLEARIESQHKAHM,1,2,0,1,2,0,1,3,0,6,2,0,0,0,0,0,0,0,2,4,0,1,2,0,2,3,0,1,0,0,0,0,0,0,0,0
276,MSLILCSCKSLCFPKCSLPLNHISNNLRNKPHAN,0,1,1,3,1,0,2,1,0,0,1,0,1,0,0,2,0,1,2,2,1,0,4,0,1,1,2,3,2,0,0,0,0,1,0,0
277,MARPLVMIHPLPNNYSHIGFTLVSLMVCAIALLT,0,0,0,2,1,0,0,1,0,0,0,1,0,0,0,1,0,0,2,1,0,0,6,1,1,0,1,6,7,0,0,0,0,2,0,0
278,MMMDPRQREKLLHKTEACAFVAGVVPELSLVTVP,1,2,0,1,1,0,2,0,0,2,1,0,0,0,0,1,0,0,1,2,1,1,3,1,1,1,0,5,5,0,0,0,0,0,1,0
279,MKVVYLLVALLALTSTVVSAYDPSPLQDFCVAAK,0,0,0,0,1,0,0,1,0,1,0,1,0,0,0,0,1,0,1,0,0,6,4,1,1,1,0,5,5,1,0,1,1,0,1,0
280,MGRVQVNNKEEFSQMENDDFSDSQLVRHFRGVLV,1,1,0,1,1,1,1,5,0,1,3,2,0,0,0,0,0,0,1,3,0,0,1,0,1,3,0,1,3,0,1,0,0,2,0,0
281,MYADRMEGGARRPVKERLNNGNGVIGSTRQQQQR,1,2,0,1,2,0,3,4,0,3,0,0,0,0,0,0,0,0,2,2,0,4,2,0,1,2,0,1,1,1,0,0,0,1,0,0
282,MVFLTGWLAMSAPMIIDPMVISAPETQSAAAAAS,0,0,0,0,0,0,0,0,0,3,0,0,0,0,0,0,0,0,0,2,0,11,3,1,0,1,0,4,5,1,0,0,0,0,2,0
283,MSAPMIIDPMVISAPETQSAAAAASILVAQSEVE,0,0,0,0,0,0,0,0,0,4,1,0,0,0,0,0,0,0,0,4,0,10,3,0,0,2,0,3,6,0,0,0,0,0,0,0
284,MTSVTQSTGMLTREQLFHLFDRFIFLTSKPDVKK,1,1,0,1,1,1,1,1,0,1,2,0,0,0,0,0,0,0,2,2,0,4,2,0,1,0,0,4,1,3,1,1,0,0,2,0
285,MVEAVATVGGGGGREREREMSRLRRLIQASVDAT,1,3,0,0,2,0,2,0,0,3,1,0,0,0,0,0,0,0,2,0,0,7,3,0,1,3,0,3,2,0,0,0,0,0,0,0
286,MGRRPCCPKEINKGAWSREEDETLSKYVSIHGEG,1,2,0,3,0,1,1,3,0,2,1,0,0,0,1,1,0,0,4,1,1,1,2,1,1,1,0,3,0,0,0,0,0,1,1,0
287,MDSRAVQTHSHEHHHNSHNVGSHAVAHGEEQHHH,4,3,0,4,0,0,2,2,0,3,1,0,0,0,0,0,0,0,6,1,0,1,2,0,0,2,0,2,0,0,0,0,0,0,0,0
288,MRKRQSIAVLLNTFVTFASIVIDDDQPKHSLFNK,3,1,0,1,0,0,1,3,0,3,0,0,0,0,0,0,0,0,1,0,0,1,4,2,1,2,0,2,4,1,0,1,0,1,1,0
289,MHSAFSLVLSFQSAVVKMLTIIRTLLEHMVLRSM,0,0,0,3,2,0,1,0,0,1,0,0,0,0,0,0,0,0,0,0,0,2,5,2,4,1,0,2,8,0,0,1,0,1,0,0
290,QIKDVSDAIQKVAAAYDCKIVEGVLSHQMKQFVI,0,3,0,0,2,0,1,0,1,2,3,1,1,0,0,0,0,0,1,1,0,2,2,1,2,2,0,3,3,0,0,1,0,0,1,0
291,MHLWPTKNLRDSFKHSYLKRLEWNYQRMKAEKDQ,2,3,0,2,3,0,2,1,0,1,1,2,0,0,0,0,0,0,1,1,0,1,0,2,4,1,0,0,0,1,1,2,0,1,1,0
292,MKTWKAMTVLPLGEDPPAITSLCFNHNGKILAAS,0,1,0,2,1,0,1,1,0,2,0,0,0,0,0,0,0,1,1,1,0,5,5,1,1,0,1,5,2,0,1,1,0,0,0,0
293,MPSGSRNPLVVGRVIGEVIDPFESSIPFRVTYGN,0,1,0,0,2,0,0,0,0,3,1,0,0,0,0,0,0,0,2,2,0,4,2,3,0,1,0,5,4,0,1,1,0,1,0,0
294,MVFTFPTLLSMKLQPLSLLLVMYFCAFATSSEIA,0,0,0,0,1,0,0,0,0,1,1,0,0,0,0,1,0,0,0,1,0,4,4,2,1,1,0,3,6,2,0,0,1,3,0,1
295,MREQEDWRITTALLTLLLVFVSSFPALSYGVVPP,0,1,0,0,1,0,0,3,0,0,0,1,0,0,0,0,0,0,0,0,0,5,4,2,1,0,0,5,5,1,1,0,0,2,1,0
296,MTSTMQLTMVKGTIPVALSRRVCCQCQASLWPPW,1,0,0,1,1,0,0,0,1,1,1,0,0,2,1,0,0,0,1,0,0,5,6,1,1,1,1,5,1,1,0,0,0,1,0,0
297,MSGGRRRKLRLSKIYSFACCKASFEGDHHSQIGG,4,0,0,2,3,0,1,0,0,1,1,0,1,0,1,0,0,0,2,2,1,4,0,2,1,0,0,3,0,1,0,1,0,2,0,0
298,MTMMSSSNNNVGEFGDTTLTKVFVGGLAWETPKD,0,1,0,0,1,0,0,2,0,2,1,1,0,0,0,0,0,0,2,3,0,5,3,1,0,0,0,6,1,1,0,1,0,1,1,0
299,MVSGSGICAKRVVVDARHHMLGRLASIVAKELLN,3,1,0,0,3,0,0,0,0,1,1,0,0,0,0,1,0,0,4,0,0,4,2,0,0,2,1,4,6,0,0,0,0,0,0,0
300,MEIISPFHLFTKIYSVMQIVWENHFRKTLLECLL,1,0,0,1,2,1,1,1,1,0,2,0,0,0,0,0,1,0,1,0,0,1,2,1,0,3,0,1,5,3,2,1,0,2,0,0
301,MVSFLPLKLVAKFDVHIHKVWCLIMLRVGSMRYF,1,0,0,0,4,2,0,0,0,0,1,0,0,0,0,0,1,0,1,0,0,1,2,1,5,0,0,4,5,1,0,1,1,0,1,1
302,MLRVGSMRYFYLYLVVLTWFLSIPSTHELQLAQT,0,1,0,0,1,1,0,0,0,1,2,0,0,0,0,0,0,0,1,1,0,3,2,1,2,1,0,5,4,1,0,0,0,0,3,3
303,MLRSLLKSPDGYLPTEPKSYAGISDPAKGGNPDI,0,0,0,4,0,0,0,0,0,4,1,0,0,0,0,0,0,0,2,5,0,5,2,2,2,0,0,2,2,0,0,0,0,1,1,0
304,MSPPSQKYASKNDPKKEHESVSNQLGNKASPSGK,1,3,0,1,0,1,3,2,0,2,1,0,0,0,0,0,0,0,3,3,0,8,1,0,0,0,0,3,0,0,0,0,0,1,0,0
305,MVLREANRVKNKQVYSQVELIMWEENLQQQILLL,0,3,0,0,1,0,2,4,0,1,5,0,0,0,0,0,0,0,0,2,0,0,0,0,2,2,0,0,7,2,0,1,0,1,0,0
306,MTHEDWDLFAIVRSCKAATFTATTNTETPPTPAP,0,1,0,2,0,0,0,1,0,2,1,1,1,0,0,0,0,0,1,2,1,11,1,1,1,0,0,1,1,1,0,1,0,2,0,0
307,MVFIIPTLLSMKLQPLLLLLVMYFCAFAASSEIA,0,0,0,0,1,0,0,0,0,1,1,0,0,0,0,1,0,0,0,1,0,4,3,1,1,1,0,3,9,2,0,0,1,1,1,1
308,MELFLLKLVPYPISTLLTCPLIISLVAFPIPLVI,0,0,0,0,1,0,0,0,0,0,1,0,0,0,0,1,0,0,0,0,1,1,6,2,1,1,0,6,8,1,0,0,0,2,1,0
309,MLSLRLTSFTHLFSPPSSAVIARRSPAILRRRHH,5,0,0,1,2,0,0,0,0,0,0,0,0,0,0,0,0,0,2,0,0,8,3,1,2,0,0,3,3,1,0,0,0,2,0,0
310,MATLLRKLCESATMKRSGSHSHPHPLPSSEQARP,2,0,0,5,1,0,0,1,0,2,0,0,0,1,0,0,0,0,4,1,0,7,3,0,2,0,1,2,1,0,0,0,0,0,0,0
311,MKFTVSNLPSSMFLLVFFIALVSHTHGSKIDHHR,2,0,0,2,1,1,1,0,0,0,1,0,0,0,0,0,0,0,3,1,0,3,3,0,1,1,0,4,3,2,0,0,0,1,2,1
312,MSTEAPKRDQWQWENATAGAAAGFATVAVMHPLD,1,1,0,1,0,0,0,2,0,2,0,2,0,0,0,0,0,0,1,1,0,10,3,1,1,1,0,2,1,0,0,2,0,1,0,0
313,MKQKVVLKVDLHDDRMKKKAMKIASGVTGVELVS,2,2,0,1,4,0,2,1,0,0,2,0,0,0,0,0,0,0,0,0,0,3,3,0,5,2,0,3,3,0,0,0,0,0,0,0
314,MKKVVLKVDLHDDRMKKKAMKIASGVTGVELVSV,3,1,0,1,4,0,1,1,0,0,2,0,0,0,0,0,0,0,0,0,0,3,4,0,5,2,0,3,3,0,0,0,0,0,0,0
315,MEPESGTSTSRNPSQLSWVNLSRNLLLAYQSFGV,0,2,0,0,0,0,0,0,0,4,3,0,0,0,0,0,0,0,2,2,0,6,1,3,0,2,0,3,2,0,0,1,0,1,1,0
316,MVIGDGVLTPAISVLASVSGLKVTEKKLTDGELV,1,0,0,0,2,0,1,0,0,2,1,0,0,0,0,0,0,0,0,4,0,4,5,0,1,0,0,7,5,0,0,0,0,0,0,0
317,MNPKCHQADSDIVHKGLAQYPFQRTKLQQICVGF,1,1,1,2,1,0,1,1,0,3,2,1,1,0,0,0,1,0,2,3,0,0,1,2,1,2,1,2,1,0,0,1,0,1,0,0
318,MWCFLLCSHLLILYFLPSHSLCHPHDSFALLHFK,0,1,0,2,1,1,0,0,0,1,0,0,1,0,0,1,0,1,3,0,0,1,2,1,1,0,2,1,5,2,1,0,1,1,2,1
319,MSVSERVVHLAFLPSAGIGHLNPCLRIAALFLRY,0,0,0,0,4,1,1,0,0,1,0,0,0,0,0,0,1,0,1,1,1,4,3,1,3,1,0,6,1,1,0,0,0,0,2,0
320,MSCFTSEKSTMSSQLQMVPLSKLRYQRLRHEKGW,1,1,0,2,2,1,3,0,0,0,2,0,0,0,0,0,0,1,1,2,1,3,2,1,2,1,0,4,1,0,0,1,0,1,0,0
321,MSRKENLISELHPRKGTWKIAVRITDMWDVKKHN,4,2,0,2,2,0,0,1,0,0,4,0,0,0,0,0,0,0,2,2,0,1,1,1,3,0,0,4,1,1,1,1,0,0,0,0
322,MLLYTRQFMLVVPGYSSFEIQILGKFIASGCYFY,0,1,0,0,0,1,0,0,0,0,2,1,0,0,0,0,0,1,2,0,1,4,0,2,0,1,0,3,6,1,0,1,0,2,2,2
323,MPRISFDLSHINRFNTTMSFSFSLSRRLSSSLSL,1,0,0,0,3,1,1,0,0,1,1,0,0,0,0,0,0,0,3,0,0,3,4,3,0,1,0,7,0,0,0,2,0,2,0,0
324,MLLLRHIPPIIEFGKILGSLVKMKHYPTVISLSK,2,0,0,0,3,1,0,0,0,0,0,1,0,0,0,0,0,0,2,0,0,3,4,0,3,1,0,4,7,0,0,0,0,2,0,0
325,MANNVVVVLKVAPVSLPPFPITNNALTFKSQRHT,1,0,0,2,1,0,1,2,0,1,1,0,0,0,0,0,0,0,0,3,0,2,4,2,1,0,0,6,4,0,1,0,0,1,0,0
326,MGNCLRKAHADDDSDHIVELASGNVQLITTKESW,1,1,0,2,1,0,1,2,1,2,3,0,0,0,0,0,1,0,2,4,0,3,0,1,1,2,0,3,2,0,0,0,0,0,0,0
327,MGGGKDKHHDESDKGIFSHLAHGVAGAAHGGHGY,2,2,0,4,1,0,2,1,0,1,0,0,0,0,0,0,0,0,5,1,0,6,2,1,0,0,0,3,0,1,0,0,0,1,0,0
328,MKQEEWMITTALLSLLFVSSFPPLSYGVVPPRTL,0,1,0,1,0,0,0,2,0,0,0,1,0,0,0,0,0,0,1,0,0,5,5,2,1,0,0,5,4,1,0,0,0,2,2,0
329,MSWINLKGALPLSTKHLFMQYSFLQDASSRNRRW,2,1,0,1,1,1,1,1,0,1,1,1,0,0,0,0,0,0,2,0,0,4,2,2,1,3,0,3,0,1,0,0,0,1,3,0
330,MESQTQSELPVVDFTNKNLKPGTDAWVSASQVVR,0,1,0,1,0,0,1,0,0,4,3,1,0,0,0,0,0,0,0,6,0,4,1,1,2,2,0,2,2,0,0,0,0,1,1,0
331,MDRREKSLEGGDKRGCGLMVEKLREGVSVGKKGG,3,2,0,3,1,0,4,0,0,2,0,0,0,0,0,1,0,0,1,1,1,2,4,0,1,3,0,2,2,0,0,0,0,0,0,0
332,MRQHKQVSSINRRPTVLYLVCVAALFSLLLFYTQ,2,2,0,1,0,0,2,0,0,0,1,0,0,0,0,0,1,0,0,1,0,3,4,0,1,1,1,2,4,3,0,0,0,2,1,1
333,MLVGFLNVDVTNFMIVIGLSFFRFQVGVRVDNFS,0,0,0,0,1,1,0,1,0,0,3,2,0,0,0,0,0,0,0,1,0,0,2,2,1,3,0,5,5,0,1,1,0,1,2,1
334,MKVAHVLHMNGGVGHASYANNSLVQQKVICLTKP,0,0,0,2,4,0,1,2,0,2,0,0,0,0,0,0,1,0,3,1,0,2,2,1,2,2,1,3,3,0,0,0,0,1,0,0
335,MMFLIMIMYCSLCLMMKSTTSLEEFWMMSLFLIS,0,0,0,1,0,0,0,1,0,0,0,1,0,0,0,1,1,0,0,0,0,3,3,0,1,1,1,2,9,3,0,0,1,0,3,1
336,MLQDMWNAPPGFRPSKSAPSSPAKPLGMVPRTRS,0,0,0,5,0,0,0,1,0,1,1,0,0,0,0,0,0,0,4,0,0,10,2,1,0,1,0,2,2,1,1,1,0,0,0,0
337,MDEDQEMERFGMENDYEGGQWIGGEFYYKNRKEK,1,2,0,0,0,1,3,6,0,1,1,3,0,0,0,0,0,0,0,2,0,2,1,0,0,3,0,1,0,0,1,1,0,1,1,2
338,MADPTAIYEFFKQQPSNGGGKRAPPPSSAGGTTR,1,1,0,1,0,0,0,1,0,3,0,1,0,0,0,0,0,0,2,2,0,15,1,0,0,0,0,1,0,1,1,1,0,0,0,1
339,MDFTAEKKESESNTENAHPTTLDSSSQLASALDS,1,1,0,1,0,0,1,1,0,6,1,1,0,0,0,0,0,0,1,5,0,7,2,0,0,3,0,1,0,0,0,0,0,1,0,0
340,MGIIEKIKEIEAEMARTQKNKATEYHLGQLKAKI,0,2,0,3,3,0,3,0,0,1,3,1,0,0,0,0,0,0,2,4,0,1,1,0,2,2,0,3,1,0,1,0,0,0,0,0
341,MVDTLEEKVTPDMKKDPIVVVVGTDAQPGNDLAE,1,1,0,0,1,0,1,2,0,4,2,0,0,0,0,0,0,0,0,5,0,3,2,0,1,2,0,3,5,0,0,0,0,0,0,0
342,MEQQSVLTLFFFRWFSIVGTVMANGSSDEDTDIS,0,0,0,0,0,1,0,4,0,3,1,0,0,0,0,0,0,0,0,3,0,3,4,0,0,1,0,4,3,1,1,0,0,1,0,3
343,MANGSSDEDTDISESEISEYEDKSYEELNNGSQN,0,0,0,1,0,0,1,6,0,4,3,1,0,0,0,0,0,0,0,7,0,3,0,1,0,1,0,3,0,0,0,2,0,0,0,0
344,MMHFFTIGYTQLPSTFCSLKSIFFFASTCSSANS,0,0,0,1,0,1,0,0,0,1,1,0,0,0,0,2,0,0,0,2,1,6,3,2,2,0,0,2,1,1,0,0,1,3,0,3
345,MIPQAKQNRPRTPPRRRFTPPWMPPHQRLTPSWM,2,2,0,2,1,1,2,1,0,1,0,0,0,0,0,0,0,0,4,1,0,7,0,2,0,0,0,3,1,0,0,0,0,1,2,0
346,MDELNCAMTTTTTENSNAELVQWERFLPRMVLRV,0,0,0,0,2,1,1,2,1,2,2,1,0,0,0,1,0,0,1,3,0,4,1,0,1,3,0,2,3,0,0,1,0,0,1,0
347,MIQFRIDIIVFMVYYLMVFSLLNVVIAVPDGLKA,0,0,0,1,1,0,0,0,0,1,2,1,0,0,0,0,0,0,0,1,0,0,3,0,1,3,0,2,9,3,1,0,0,1,2,1
348,MEVEARRIRRFVPQRPSHRTILPLHASSSSHNVS,3,1,0,3,1,1,1,0,0,1,2,0,0,0,0,0,0,0,3,1,0,5,2,0,2,2,0,3,1,0,0,0,0,0,1,0
349,MVTTGWYKKMGERIWAPWFIKFIQSRGYFNIYTN,1,0,0,1,2,1,1,0,0,1,1,0,0,0,0,0,0,0,1,2,0,3,0,3,1,1,0,2,1,2,1,1,0,2,2,3
350,MTVSASFSYDVFLSFRGSDTRYGFTGNLYNALSD,0,0,0,1,0,1,0,0,0,2,2,0,0,0,0,0,0,0,1,3,0,4,2,4,0,0,0,4,0,2,1,2,0,3,1,0
351,MAILVFSKNYASSSFCLDELVKIMECVKAKGRLI,0,1,0,2,2,0,0,1,1,0,1,1,0,0,0,0,2,0,3,0,0,3,1,1,2,2,0,1,5,1,0,0,1,2,0,0
352,MFLALLLSTSFSYDVFLSFRGSDTRYGFTGNLYN,0,0,0,1,0,1,0,0,0,1,2,0,0,0,0,0,0,0,1,2,0,4,1,4,0,0,0,3,2,3,1,2,0,3,2,0
353,MVEISSIVMCIHLTLCETLTNFKNLQNGNMFPPS,0,1,0,0,1,0,0,1,0,2,3,1,0,1,0,0,1,0,0,2,0,3,3,0,1,2,2,3,3,1,1,0,0,1,0,0
354,MENLILFYLHLQILFLHPCHQYFVPTTRSACILA,0,1,0,2,1,0,0,1,0,0,2,1,1,0,0,0,1,0,1,0,2,3,0,0,2,2,0,2,4,2,0,0,0,0,3,2
355,MGSKNANGKNHKDKRKKFKDNLNSNHSSTGDAKV,4,4,0,1,1,1,3,1,0,4,1,0,0,0,0,0,0,0,3,3,0,4,0,0,0,1,0,1,0,0,1,0,0,0,0,0
356,MRSFSSSSLFLLFFFFFSSSLSNPHNTPLTLKGV,0,1,0,2,0,0,0,0,0,2,0,0,0,0,0,0,0,0,1,1,0,6,5,1,2,0,0,2,1,2,0,0,0,2,1,4
357,MMMKNKVLILFFSALLSSTSYASNVNDFCVADLK,0,1,0,0,1,0,1,1,0,0,2,1,0,0,0,0,1,0,0,2,0,5,1,1,2,1,0,2,6,1,0,0,1,2,0,1
358,MMKNKVLILFFSALLSSTSYASNVNDFCVADLKG,0,1,0,1,1,0,1,1,0,0,2,1,0,0,0,0,1,0,0,2,0,5,1,1,2,1,0,2,5,1,0,0,1,2,0,1
359,MPGPAGQKSLSLTGSQPDATASGATTPGGSSSQG,0,0,0,1,0,0,1,0,0,3,0,0,0,0,0,0,0,0,0,4,0,19,2,0,0,0,0,3,0,0,0,0,0,0,0,0
360,MTRLEDNIKFSLFYVMEITRIGQWLSLLICVLLL,0,0,0,0,2,1,0,2,0,0,2,1,0,0,0,0,1,0,2,1,0,0,2,0,1,2,1,4,6,1,0,0,0,1,2,1
361,MLNFIVFYLLDTCRMEITRIGQWLSLLICVLLLL,0,0,0,0,2,0,0,0,0,1,1,2,1,0,0,0,1,0,1,1,1,0,1,0,0,3,1,3,9,1,0,0,0,0,3,1
362,MEITRIGQWLSLLICVLLLLQTEGVPVGITFVEN,0,0,0,0,1,0,0,1,0,2,1,1,0,0,0,0,1,0,1,2,0,0,4,1,0,3,1,6,6,0,0,0,0,0,2,0
363,MAEPSKVIHVRNVGHEISENDLLQLFQPFGVITK,0,2,0,0,2,0,0,2,0,2,4,0,0,0,0,0,0,0,3,2,0,1,1,1,2,1,0,4,3,1,0,1,0,1,0,0
364,MKNMFLILFFSALLISSTSNASNVNDFCVADLKG,0,1,0,1,0,0,0,1,0,1,3,1,0,0,0,0,1,0,0,3,0,5,1,0,2,1,0,2,4,2,0,0,1,1,1,1
365,MGFNLQPYGIQSMLKEGHKHLSGLDEAVLKNIDA,2,2,0,0,1,0,0,1,0,5,2,0,0,0,0,0,0,0,1,0,0,1,4,2,2,4,0,2,2,0,0,1,0,1,0,0
366,MSDERSKPWNIYPSSNTGPSQTGTGVDEEAPWKS,0,0,0,3,0,0,1,3,0,3,1,0,0,0,0,0,0,0,1,3,0,9,1,2,0,1,0,1,0,1,1,1,0,1,0,0
367,MLPCDYCHSKPAILFCRPDSAKLCLLCDQHVHAA,0,0,0,4,2,0,1,1,0,1,0,1,2,2,0,0,1,0,2,1,1,3,1,0,1,0,2,1,3,1,0,0,2,0,0,0
368,MNGYSRISGDDDSSSRRSMDHEGERFGVILGRSA,1,1,0,2,1,1,2,2,0,3,0,0,0,0,0,0,0,0,3,2,0,4,2,1,0,2,0,2,2,0,0,0,0,2,0,0
369,MAATGARLFSAALFRRYPPSPDGKTNSRRTPIAT,2,0,0,2,1,1,0,0,0,2,0,0,0,0,0,0,0,0,3,2,0,11,2,0,0,0,0,2,0,2,1,0,0,2,0,0
370,MVNISFLRNVRWRIQICCLSSSSCFFFLKLLGID,0,1,0,0,2,1,0,0,0,0,3,0,0,0,1,0,1,1,0,0,1,3,1,1,3,3,1,3,2,0,1,0,0,0,2,2
371,MANSRSWTQTWPCFVKLGVLNLVLVFKITALGDV,0,0,0,1,2,0,0,0,0,2,2,0,0,0,0,0,0,1,1,3,1,1,2,2,1,1,0,4,4,1,1,0,0,2,1,0
372,MIMNSPTPKGKANEIEEDQEEKAMPIWDCGSPLY,0,0,0,3,0,0,1,6,1,1,1,0,0,0,0,1,0,0,2,1,0,5,3,0,0,2,0,1,2,2,0,1,0,0,0,0
373,MATHICLSLCFLYITTLNLVSTLAQSDNYIIHMD,0,0,0,0,2,0,0,1,0,1,1,1,0,0,0,0,1,1,1,2,0,3,3,0,1,2,2,5,2,1,0,0,0,0,3,0
374,MKIFNWVHKRFHHHNTLKDGFATNMKKTEPTINN,5,2,0,1,1,1,0,1,0,3,1,1,0,0,0,0,0,0,0,2,0,2,2,1,4,1,0,0,0,1,1,1,0,1,1,0
375,MDPKGSKQQPQQSQEVVPNFLSLPQQQQGNTNNN,0,1,0,1,0,0,0,8,0,5,1,1,0,0,0,0,0,0,2,6,0,1,1,0,0,1,0,3,1,0,0,0,0,0,1,0
376,MAFLEFFLISLGASQGLRFSLLSQIVSLVNCLHH,1,0,0,0,0,1,0,0,1,1,1,1,0,0,0,0,1,0,0,2,0,2,4,1,2,2,0,5,4,0,0,0,0,1,2,1
377,MFSGASSSKSAQSTTPYGTSPFTVSIRKPIAPLN,1,0,0,2,0,0,0,0,0,1,0,0,0,0,0,0,0,0,1,1,0,13,4,2,1,1,0,2,0,1,0,0,0,3,0,0
378,MIKLVLFLFCFASALTLSVSESKSASVHPHAAES,0,0,0,3,1,0,0,0,0,2,0,0,0,0,0,0,0,1,2,2,0,5,4,0,2,0,0,3,3,2,0,0,1,1,1,0
379,MPTINPVRFKFMQAIITFMMMMLQVVVSAQDHIM,0,0,0,0,1,2,1,1,0,2,1,0,0,0,0,0,0,0,0,1,0,2,3,1,1,3,0,3,8,0,1,0,0,0,2,0
380,MKNLCEKDSGPTHLTYYALGRTSWGTSSESDVQQ,0,2,0,1,1,0,1,1,0,2,2,0,0,1,0,0,0,0,2,2,0,7,1,2,1,1,1,2,0,0,0,0,0,2,0,1
381,MIMNRKMKSTVGVCLLFLVLLEAMCCEGCWKEER,1,1,0,1,1,0,2,1,0,2,0,0,0,1,1,0,1,1,0,0,1,1,3,0,1,2,2,1,6,1,1,0,0,0,1,0
382,MPTGTNVRIAFSNDAARRAASRKRRMGILKKMEE,5,0,0,1,3,0,0,2,0,1,1,0,0,0,0,0,0,0,2,2,0,6,1,1,2,1,0,3,1,0,0,0,0,1,0,0
383,MGFLVTTLIFVVIGIIACLCTRICCNRGPSTNLF,0,0,0,1,1,0,1,0,0,0,1,0,0,1,1,1,1,0,1,1,1,4,2,1,0,0,2,4,5,2,0,0,0,0,2,0
384,MRAENLLQLQHRTQKCTLGCPVLDRCLAGGVPCA,1,0,2,2,0,0,3,1,0,0,2,0,0,0,0,3,1,0,0,2,2,2,3,0,1,3,0,3,2,0,0,0,0,0,0,0
385,MVQIARRKKGRPSKADLARRSGESQSDPRRSLRR,6,0,0,5,0,0,0,0,0,3,2,0,0,0,0,0,0,0,5,4,0,2,1,0,1,1,0,2,1,0,0,0,0,0,0,0
386,MDDGRKDTYGVFADPVDLEELPDYLDVIEHPMDF,1,1,0,1,0,0,1,2,0,3,3,2,0,0,0,0,0,0,1,2,0,0,3,1,0,6,0,1,1,1,0,0,0,2,1,0
387,MDFATVRKKLGNGSYTTLEQFESDVFLICSNAMQ,2,0,0,0,1,0,0,1,0,3,1,2,0,0,0,1,0,0,0,3,0,3,3,1,1,3,1,1,1,1,0,1,0,2,1,0
388,MQYNAPETIYHKQARSIQELGRKKFEKLRIGFER,3,1,0,1,2,1,2,1,0,3,1,1,0,0,0,0,0,0,2,1,0,1,2,1,1,2,0,2,0,1,1,3,0,0,0,0
389,MKQVVGMVVSNKMQKSVVVAVDRLFYHKLYDRYV,1,1,0,1,3,1,4,0,0,0,1,0,0,0,0,0,0,0,0,1,0,0,3,0,1,2,0,3,5,2,1,1,0,0,1,1
390,MVLRFRTLKTQSLSKKQQCLSLLNSCRSMDQLRQ,1,2,0,3,0,1,0,2,1,2,1,0,1,0,0,0,1,0,1,1,1,0,4,0,3,2,0,2,3,0,1,0,0,0,0,0
391,MTNKEYGDNNKISVCETSMLLVANIIRLSSLRFS,0,1,0,0,2,1,2,2,0,1,1,1,0,1,0,0,0,0,0,3,0,2,3,0,2,0,1,4,4,0,0,0,0,2,0,0
392,MHKYFTFKTNVVDSSTSISRRGIAEVLMKLLGMA,2,0,0,2,1,1,0,0,0,1,2,0,0,0,0,0,0,0,1,2,0,3,3,1,2,1,0,4,4,0,1,0,0,1,0,1
393,MHKYFTFKTNVVDRRGIAEVLMKLLGMAILFHLL,2,0,0,2,2,1,1,0,0,0,2,0,0,0,0,0,0,0,0,2,0,0,3,1,2,1,0,3,6,1,2,0,0,1,0,1
394,MKLLGMAILFHLLGNPRTAPKYISMIFGCMLRKS,1,0,0,2,2,1,0,0,0,1,0,0,0,0,0,0,1,0,2,1,1,2,3,0,2,0,0,4,5,2,1,0,0,1,1,0
395,MSGTEKAGSGTTKTPADFLKSIRGRPVVVKLNSG,0,0,0,5,1,0,1,0,0,1,0,1,0,0,0,0,0,0,2,2,0,10,2,0,3,1,0,1,2,0,0,0,0,0,1,0
396,MNCIEISCICRKRQKYFVRMNRKFGGGKQPTGTP,3,2,0,0,1,2,2,0,1,1,1,0,1,0,0,0,2,0,1,0,1,6,0,0,1,3,1,1,0,0,0,0,0,1,1,1
397,MLPLEHHFHYLPPLTHTKLKPFSRANSRVSLPHI,1,0,0,3,3,2,1,0,0,1,0,0,0,0,0,0,0,0,5,1,0,1,3,1,1,1,0,5,1,0,1,0,0,1,1,0
398,MMAADQQRIHPVHDVEAPHRPLVPENYAKSDKGI,1,1,0,4,1,0,2,3,0,1,1,1,0,0,0,0,0,0,2,3,0,2,3,0,2,1,0,2,2,0,0,0,0,1,0,0
399,MSFVFRGTRADIENGFPGFIPERRALRVHATRPS,1,0,0,5,1,0,1,1,0,1,1,0,0,0,0,0,0,0,2,2,0,4,1,3,2,1,0,2,0,1,1,0,0,1,2,0
400,MFIENFKVESPNVKYTETEIQSVYNYETTELVHE,0,1,0,0,1,1,0,1,0,4,3,2,0,0,0,0,0,0,0,4,0,2,1,0,2,3,0,0,1,2,1,2,0,1,1,0
401,MTRRKTKLTFIANDTERKTSYKKRKKSLLKKTEE,8,0,0,4,1,0,1,2,0,1,0,0,0,0,0,0,0,0,2,3,0,1,1,2,1,0,0,3,1,0,1,0,0,0,1,0
402,MNSGTIDFVEENGNGSDSDANSDDAPEYYQPISA,0,0,0,0,0,0,0,3,0,8,0,2,0,0,0,0,0,0,0,6,0,5,2,0,0,3,0,1,0,0,0,1,0,0,1,1
403,MGCRNRDSITENHTSSSSSSSDSLSEALLFTTMC,0,2,0,1,0,0,2,1,0,3,0,0,1,0,0,0,0,0,0,3,1,8,4,0,0,0,1,3,1,1,0,0,0,1,0,0
404,MTKKGKGNNNVGNEGFVDTLVILSSDLVQVVAKG,1,0,0,3,0,0,0,3,0,2,3,0,0,0,0,0,0,0,3,3,0,1,1,1,0,2,0,4,5,0,0,0,0,0,1,0
405,MASEEVLKAVFPFLDGVDLASCMAVDKQWKDIAS,0,2,0,1,0,0,1,1,0,1,3,1,0,0,0,0,1,0,0,1,1,3,3,1,1,3,0,4,1,1,1,0,0,1,1,0
406,MTKLKELIGIMKDKASQGKAAILSKRATLSLLRA,1,2,0,4,1,0,1,0,0,1,1,0,0,0,0,0,0,0,3,1,0,3,4,0,3,0,0,4,4,0,0,0,0,0,0,0
407,MGVDYYKLLQVDRNASDEDLKKAYRKLAMKWHPD,2,1,0,2,2,1,1,2,0,1,2,1,0,0,0,0,0,0,0,2,0,1,2,1,2,3,0,2,1,0,3,0,0,0,0,1
